"ANO_APLICACION","PERIODO","FORMULARIO_ID","PREGUNTA_ID","PREGUNTA_PADRE_ID","ORDEN_PREGUNTA","DESCRIPCION","OBJETO_ACTIVO","TIPO_CUESTIONARIO_ID","RESPUESTA","RANGO_INI","RANGO_FIN","TEXTO_APOYO","TEXTO_LECTURA","ESTADO_REGISTRO"
"2020","1","2","65","0","034","34. Producto de la fiscalización tributaria, la municipalidad ha generado deuda de Impuesto Predial por un monto (S/) insoluto de:","1","11"," ","0","999999999999999","<Ingresar monto>","Pregunta 34: Es un campo numérico. Usar separador de miles. El rango permitido es de 0 a 999 999 999.","A"
"2020","1","2","66","0","035","35. Número de predios fiscalizados:","1","1"," ","0","999999999","<Ingresar cantidad>","Pregunta 35: Es un campo numérico. Usar separador de miles. El rango permitido es de 0 a 999 999 999.","A"
"2020","1","2","67","0","036","36. Área detectada producto de la fiscalización (m2):","1","0"," "," "," "," ","Pregunta 36a: Es un campo numérico. Usar separador de miles. El rango permitido es de 0 a 999 999 999.<br>Pregunta 36b: Es un campo numérico. Usar separador de miles.  El rango permitido es de 0 a 999 999 999.","A"
"2020","1","2","68","67","036001","36a. Terreno (m2)","1","11"," ","0","999999999","<Consignar área en m2>"," ","A"
"2020","1","2","69","67","036002","36b. Construcciones (m2)","1","11"," ","0","999999999","<Consignar área en m2>"," ","A"
"2020","1","3","70","0","037","37. La municipalidad emitió las cuponeras o cartillas de liquidación del Impuesto Predial 2020:","1","4"," "," "," "," ","Pregunta 37: Sólo permite una respuesta,SÍ&#34; oNO&#34;.<br>Pregunta 37a: Se activa sólo si la respuesta a la pregunta 37 esSÍ&#34;.  37a es un campo de fecha, por lo que requiere un tablero de fecha del 02/01/2020 al 30/06/2020.<br>Pregunta 37b: Se activa sólo si la respuesta a la pregunta 37 esSÍ&#34;.  37b es un campo de fecha, por lo que requiere un tablero de fecha del 02/01/2020 al 30/06/2020.<br>&#34;EN PROCESO&#34; es un campo para contestarSÍ&#34; oNO&#34;.  Es obligatorio si la respuesta al campo 37 esSÍ&#34;.","A"
"2020","1","3","71","70","037001","37a. Fecha de inicio de notificación<br><smnall><En caso afirmativo a pregunta 37></small>","0","3","S","02/01/2020","30/06/2020","<Seleccionar fecha>"," ","A"
"2020","1","3","72","70","037002","37b. Fecha de término de notificación <br><small><En caso afirmativo a pregunta 37></small>","0","3","S","02/01/2020","30/06/2020","<Seleccionar fecha>"," ","A"
"2020","1","3","73","70","037002001","37b.1. EN PROCESO","0","4","S"," "," "," "," ","A"
"2020","1","3","74","0","038","38. La municipalidad verifica los resultados de la notificación de los valores tributarios (RD, OP):","1","4"," "," "," "," ","Pregunta 38: Sólo permite una respuesta,SÍ&#34; oNO&#34;.<br>Pregunta 39a: Se activa sólo si la respuesta a la pregunta 38 esSÍ&#34;. 39a es un campo numérico. Debe tener separador de miles.<br>Pregunta 39b: Se activa sólo si la respuesta a la pregunta 38 esSÍ&#34;. 39b es un campo numérico. Debe tener separador de miles.<br>Pregunta 39c: Se activa sólo si la respuesta a la pregunta 38 esSÍ&#34;. 39c es un campo numérico. Debe tener separador de miles.","A"
"2020","1","3","75","74","039001","39a. Valores tributarios notificados con acuse de recibo (RD, OP):","0","1","S","0","999999999","<Ingresar cantidad>"," ","A"
"2020","1","3","76","74","039002","39b. Valores tributarios notificados con resultado  Se negó a recibir  (RD, OP):","0","1","S","0","999999999","<Ingresar cantidad>"," ","A"
"2020","1","3","77","74","039003","39c. Valores tributarios no notificados (RD, OP):","0","1","S","0","999999999","<Ingresar cantidad>"," ","A"
"2020","1","4","78","12","040","40. La municipalidad ha trasladado a Ejecución Coactiva la deuda por Impuesto Predial por un importe (S/) insoluto de:","0","11","S","0","999999999999999","<Ingresar monto>","Pregunta 40: La respuesta es un dato numérico. Se debe usar separadores de miles.Cero&#34; es un valor permitido.","A"
"2020","1","4","79","0","041","41. La municipalidad segmenta la deuda por Impuesto Predial:","1","4"," ","0","999999999"," ","Pregunta 41: Sólo permite una respuesta,SÍ&#34; oNO&#34;.","A"
"2020","1","4","80","0","042","42. La municipalidad cuenta con una estrategia de cobranza de la deuda por Impuesto Predial:","1","4"," "," "," "," ","Pregunta 42: Sólo permite una respuesta,SÍ&#34; oNO&#34;.","A"
"2020","1","5","81","0","043","43.  Canales a disposición del contribuyente para pagar el Impuesto Predial:","1","0"," "," "," "," ","Pregunta 43a: Sólo permite una respuesta,SÍ&#34; oNO&#34;.<br>Pregunta 43b: Sólo permite una respuesta,SÍ&#34; oNO&#34;.<br>Pregunta 43c: Sólo permite una respuesta,SÍ&#34; oNO&#34;.<br>Pregunta 43d: Sólo permite una respuesta,SÍ&#34; oNO&#34;. Campo adicional se activa sólo si la respuesta a la pregunta 43d esSÍ&#34;.","A"
"2020","1","5","82","81","043001","43a. Cajas (ventanillas de pago) de la municipalidad","1","4"," "," "," "," "," ","A"
"2020","1","5","83","81","043002","43b. Bancos","1","4"," "," "," "," "," ","A"
"2020","1","5","84","81","043003","43c. Internet","1","4"," "," "," "," "," ","A"
"2020","1","5","85","81","043004","43d. Otro","1","4"," "," "," "," "," ","A"
"2020","1","5","86","85","043004001","43d.1. Indicar otro canal:","0","2","S"," "," ","<Ingresar texto>"," ","A"
"2022","1","1","1","0","001","1. Ubicación Jerárquica de la Administración Tributaria Municipal:<br><small>(Según el organigrama vigente de la municipalidad)<small>","1","7"," "," "," "," ","Pregunta 1: Debe permitir desplegar las siguientes opciones: a) Organismo público; b) Gerencia; c) Subgerencia; d) Unidad; e) Oficina; f) Otro; g) No tiene ATM.  Si la respuesta es  Otro , debe permitir registrar el nivel en un campo adyacente.","A"
"2022","1","1","2","1","001001","a) Organismo público","1","0"," "," "," "," "," ","A"
"2022","1","1","3","1","001002","b) Gerencia","1","0"," "," "," "," "," ","A"
"2022","1","1","4","1","001003","c) Subgerencia","1","0"," "," "," "," "," ","A"
"2022","1","1","5","1","001004","d) Unidad","1","0"," "," "," "," "," ","A"
"2022","1","1","6","1","001005","e) Oficina","1","0"," "," "," "," "," ","A"
"2022","1","1","7","1","001006","f) Otro","1","0"," "," "," "," "," ","A"
"2022","1","1","8","1","001007","g) No tiene ATM","1","0"," "," "," "," "," ","A"
"2022","1","1","9","1","001008","1.1. Indicar otra ubicación jerárquica:","0","2","7"," "," ","<Ingresar texto>"," ","A"
"2022","1","1","10","0","002","2. Denominación de la Administración Tributaria Municipal:<br><small>(Según el organigrama vigente de la municipalidad)</small>","1","2"," "," "," ","<Ingresar texto>","Pregunta 2: Si la respuesta a la pregunta 1 es  a , debe permitir registrar el nombre de la Administración Tributaria Municipal. Ejemplo:  Servicio de Administración Tributaria de Lima <br>Si la respuesta a la pregunta 1 es de la  b  a la  g , debe permitir registrar el nombre del área o unidad orgánica que hace las veces de la ATM.  Ejemplo:  Gerencia de Rentas ","A"
"2022","1","1","11","1","003","3. Número total de personas que laboran y/o prestan servicios en exclusividad para la Administración Tributaria Municipal:<br><small>(Incluir todas las modalidades de contratación.)</small>","0","1","8","0","999999999","<Ingresar cantidad>","Pregunta 3: Campo numérico. Cero es un valor permitido. Si la respuesta a la pregunta 1 es  g , se debe desactivar este campo.<br> Se debe considerar a los regímenes DLeg 276, DLeg 728, CAS y locación de servicios .","A"
"2022","1","1","12","0","004","4. Existe un área o unidad orgánica a cargo de la ejecución coactiva:","1","4"," "," "," "," ","Pregunta 4: Sólo permite una respuesta,  SÍ  o  NO .","A"
"2022","1","1","13","12","005","5. El área o unidad orgánica de ejecución coactiva depende de la Administración Tributaria Municipal:","0","4","S"," "," "," ","Pregunta 5: Se activa si la respuesta a la pregunta 4 es  SÍ . Sólo permite una respuesta,  SÍ  o  NO .","A"
"2022","1","1","14","12","006","6. Número total de personas que laboran y/o prestan servicios en exclusividad en el área o unidad orgánica de ejecucion coactiva <br><small>(Incluir todas las modalidades de contratación.)</small>","0","1","S","0","999999999","<Ingresar cantidad>","Pregunta 6: Se activa sólo si la respuesta a la pregunta 4 es  SÍ . Campo numérico. Cero es un valor permitido.<br>Si la respuesta a la pregunta 5 es  SÍ , el número a registrar no puede ser mayor que el registrado por la pregunta 3.<br> Se debe considerar a los regímenes DLeg 276, DLeg 728, CAS y locación de servicios .","A"
"2022","1","1","15","0","007","7. Según el organigrama vigente, la municipalidad cuenta con un área o unidad orgánica encargada del catastro urbano del distrito:","1","4"," "," "," "," ","Pregunta 7: Sólo permite una respuesta,  SÍ  o  NO .<br>Pregunta 7a: Se activa sólo si la respuesta a la pregunta 7 es  SÍ . 7a es un campo para el registro de palabras.  Por ejemplo:  Gerencia de Desarrollo Urbano .<br>Pregunta 7b: Se activa sólo si la respuesta a la pregunta 7 es  SÍ . 7b sólo permite una respuesta,  SÍ  o  NO .","A"
"2022","1","1","16","15","007001","7a. Nombre del área o unidad orgánica encargada del catastro urbano:","0","2","S"," "," ","<Ingresar texto>"," ","A"
"2022","1","1","17","15","007002","7b. La ATM trabaja en coordinación con el área de catastro de la municipalidad:","0","4","S"," "," "," "," ","A"
"2022","1","1","18","15","008","8. Número total de personas que laboran y/o prestan servicios en el área o unidad orgánica encargada del catastro urbano del distrito:<br><small>(Incluir todas las modalidades de contratación.)</small>","0","1","S","0","999999999","<Ingresar cantidad>","Pregunta 8: Campo numérico. Cero es un valor permitido. Si la respuesta a la pregunta 7 es  NO , se debe desactivar este campo.<br> Se debe considerar a los regímenes DLeg 276, DLeg 728, CAS y locación de servicios .","A"
"2022","1","1","19","0","009","9. La municipalidad aprobó el Plan de Desarrollo Catastral 2022:","1","4"," "," "," "," ","Pregunta 9: Sólo permite una respuesta,  SÍ  o  NO .<br>Campo adicional sólo se activa si la respuesta a la pregunta 9 es  SÍ .  Debe mostrar un tablero de fechas del 01/01/2020 al 30/06/2022.","A"
"2022","1","1","20","19","009001","9.1. Indique la fecha:","0","3","S","01/01/2020","30/06/2022","<Seleccionar fecha>"," ","A"
"2022","1","1","21","0","010","10. La municipalidad utiliza la información del catastro distrital en la gestión del Impuesto Predial:","1","4"," "," "," "," ","Pregunta 10: Sólo permite una respuesta,  SÍ  o  NO .","A"
"2022","1","1","22","0","011","11. La municipalidad utiliza un indicador de morosidad (%) de la recaudación del Impuesto Predial:","1","4"," "," "," "," ","Pregunta 11: Sólo permite una respuesta,  SÍ  o  NO .<br>Campo adicional se activa sólo si la respuesta a la pregunta 11 es  SÍ . La morosidad máxima permitida es 100%.<br> En campo adicional se debe registrar la morosidad del Impuesto Predial corriente al 30/06/2022.Si la emisión del Impuesto Predial corriente es igual a 0, se debe registrar morosidad 0% .","A"
"2022","1","1","23","22","011001","11.1. Indique el porcentaje (%):","0","11","S","0","100","<Ingresar porcentaje>"," ","A"
"2022","1","1","24","0","012","12. La municipalidad utiliza un indicador de número de valores tributarios (OP, RD, y/o RM) emitidos:","1","4"," "," "," "," ","Pregunta 12: Sólo permite una respuesta,  SÍ  o  NO .<br>Campo adicional se activa sólo si la respuesta a la pregunta 12 es  SÍ .  Rango permitido es de 0 a 999 999 999.<br> En campo adicional se debe registrar la cantidad de valores tributarios (OP, RD y/o RM) por Impuesto Predial (corriente o de años anteriores) emitidos de enero a junio 2022 .","A"
"2022","1","1","25","24","012001","12.1. Indicar cantidad:","0","1","S","0","999999999","<Ingresar cantidad>"," ","A"
"2022","1","1","26","0","013","13. Monto (S/) total de insoluto de Impuesto Predial contenido en valores tributarios (OP y RD) emitidos:","1","11"," ","0","999999999","<Ingresar monto>","Pregunta 13: Se debe usar separadores de miles.  Cero  es un valor permitido. El rango permitido es de 0 a 999 999 999.00 . La respuesta es un dato numérico.<br> Se debe registrar el monto total de insoluto de Impuesto Predial (corriente o de años anteriores) contenido en valores tributarios (OP y RD) que se hubiera emitido por dicho impuesto de enero a junio 2022.Si no se emitió valores tributarios por Impuesto Predial, se debe registrar 0 .","A"
"2022","1","1","27","0","014","14. La municipalidad utiliza un indicador de número de valores tributarios (OP, RD, y/o RM) notificados:","1","4"," "," "," "," ","Pregunta 14: Sólo permite una respuesta,  SÍ  o  NO .<br>Campo adicional se activa sólo si la respuesta a la pregunta 14 es  SÍ .  Rango permitido es de 0 a 999 999 999.<br> En campo adicional se debe registrar la cantidad de valores tributarios (OP, RD y/o RM) por Impuesto Predial (corriente o de años anteriores) notificados de enero a junio 2022 .","A"
"2022","1","1","28","27","014001","14.1. Indicar cantidad:","0","1","S","0","999999999","<Ingresar cantidad>"," ","A"
"2022","1","1","29","0","015","15. Monto (S/) total de insoluto de Impuesto Predial contenido en valores tributarios (OP y RD) notificados:","1","11"," ","0","999999999","<Ingresar monto>","Pregunta 15: Se debe usar separadores de miles.  Cero  es un valor permitido. El rango permitido es de 0 a 999 999 999.00 .<br> Se debe registrar el monto total de insoluto de Impuesto Predial (corriente o de años anteriores) contenido en valores tributarios (OP y RD) que se hubiera notificado por dicho impuesto de enero a junio 2022.Si no se notificó valores tributarios por Impuesto Predial, se debe registrar 0 .","A"
"2022","1","1","87","0","016","16. La municipalidad utiliza un indicador de número de convenios de fraccionamiento aprobados (emitidos):","1","4"," "," "," "," ","Pregunta 16: Sólo permite una respuesta,  SÍ  o  NO .<br>Campo adicional se activa sólo si la respuesta a la pregunta 16 es  SÍ .  El rango permitido es de 0 a 999 999 999.","A"
"2022","1","1","88","87","016001","16.1. Ingresar indicador de número de convenios:","0","1","S","0","999999999","<Ingresar cantidad>"," ","A"
"2022","1","1","89","0","017","17. La municipalidad utiliza un indicador de número de convenios de fraccionamiento cancelados por pago total:","1","4"," "," "," "," ","Pregunta 17: Sólo permite una respuesta,  SÍ  o  NO .<br>Campo adicional se activa sólo si la respuesta a la pregunta 17 es  SÍ .  El rango permitido es de 0 a 999 999 999.<br> La condición es que la última cuota del fraccionamiento se haya cancelado en el primer semestre del año 2020.El convenio pudo haber sido aprobado en el primer semestre del año 2022 o en ejercicios anteriores .","A"
"2022","1","1","90","89","017001","17.1. Indicar número de convenios:","0","1","S","0","999999999","<Ingresar cantidad>"," ","A"
"2022","1","1","30","0","018","18. La municipalidad aprobó algún beneficio tributario o amnistía por deuda de Impuesto Predial en el año 2022:","1","4"," "," "," "," ","Pregunta 18: Sólo permite una respuesta,  SÍ  o  NO .<br>Pregunta 18a: Se activa sólo si la respuesta a la pregunta 18 es  SÍ .<br>Pregunta 18b: Se activa sólo si la respuesta a la pregunta 18 es  SÍ .<br>Pregunta 18c: Se activa sólo si la respuesta a la pregunta 18 es  SÍ .<br>","A"
"2022","1","1","31","30","018001","18a. Norma legal que aprueba el beneficio tributario o amnistía:","0","7","S"," "," "," "," ","A"
"2022","1","1","32","31","018001001","a) Ordenanza","1","0"," "," "," "," "," ","A"
"2022","1","1","33","31","018001002","b) Resolución de Alcaldía","1","0"," "," "," "," "," ","A"
"2022","1","1","34","31","018001003","c) Otro","1","0"," "," "," "," "," ","A"
"2022","1","1","35","30","018002","18b. Nº de norma legal:","0","2","S"," "," ","<Ingresar texto>","Es un campo alfanumérico.  Por ejemplo: 120-2022-MUNIABC.","A"
"2022","1","1","36","30","018003","18c. Fecha de publicación de norma legal:","0","3","S","01/01/2022","30/06/2022","<Seleccionar fecha>"," ","A"
"2022","1","1","37","0","019","19. La municipalidad difunde información o mensajes alusivos al destino de la recaudación predial (en la cuponera o cartillas de liquidación del Impuesto Predial) y/o en su portal electrónico:","1","4"," "," "," "," ","Pregunta 19: Sólo permite una respuesta,  SÍ  o  NO .","A"
"2022","1","1","38","0","020","20. La municipalidad utiliza el 5% de la recaudación predial para financiar el desarrollo y mantenimiento del catastro y/o para reforzar las acciones orientadas a mejorar la gestión y recaudación predial, según lo dispuesto en el artículo 20 de la Ley de Tributación Municipal:","1","4"," "," "," "," ","Pregunta 20: Sólo permite una respuesta,  SÍ  o  NO .","A"
"2022","1","1","39","0","021","21. La municipalidad tiene aprobado un procedimiento de registro de predios:","1","4"," "," "," "," ","Pregunta 21: Sólo permite una respuesta,  SÍ  o  NO .","A"
"2022","1","1","40","0","022","22. La municipalidad tiene aprobado un procedimiento de registro de contribuyentes:","1","4"," "," "," "," ","Pregunta 22: Sólo permite una respuesta,  SÍ  o  NO .","A"
"2022","1","1","41","0","023","23. La municipalidad tiene aprobado un procedimiento de registro de declaración jurada del Impuesto Predial:","1","4"," "," "," "," ","Pregunta 23: Sólo permite una respuesta,  SÍ  o  NO .","A"
"2022","1","1","42","0","024","24. La municipalidad tiene aprobado un procedimiento de cálculo y determinación de la deuda tributaria predial:","1","4"," "," "," "," ","Pregunta 24: Sólo permite una respuesta,  SÍ  o  NO .","A"
"2022","1","1","43","0","025","25. La municipalidad tiene aprobado un procedimiento de fiscalización tributaria:","1","4"," "," "," "," ","Pregunta 25: Sólo permite una respuesta,  SÍ  o  NO .","A"
"2022","1","1","44","0","026","26. La municipalidad tiene un régimen de fraccionamiento de deudas que incluye el Impuesto Predial:","1","4"," "," "," "," ","Pregunta 26: Sólo permite una respuesta,  SÍ  o  NO .","A"
"2022","1","1","45","0","027","27. La municipalidad lleva el control de la determinación del Impuesto Predial mediante:<br><small>(Seleccionar sólo una alternativa)</small>","1","5"," "," "," "," ","Pregunta 27: Seleccionar solo una alternativa","A"
"2022","1","1","46","45","027001","27.1.  No tiene sistema informático.  (Sólo guarda la información de forma física.  Por ejemplo: En archivadores)","1","6"," "," "," "," "," ","A"
"2022","1","1","47","45","027002","27.2. Una base de datos en Excel","1","6"," "," "," "," "," ","A"
"2022","1","1","48","45","027003","27.3. Un sistema informático desarrollado por la misma municipalidad","1","6"," "," "," "," "," ","A"
"2022","1","1","49","45","027004","27.4. El Sistema de Recaudación Tributaria Municipal (SRTM) que el MEF brinda a las municipalidades","1","6"," "," "," "," "," ","A"
"2022","1","1","50","45","027005","27.5. Un sistema informático desarrollado por terceros","1","6"," "," "," "," "," ","A"
"2022","1","1","51","45","027006","27.6. Otra forma diferente de las anteriores","1","6"," "," "," "," "," ","A"
"2022","1","1","52","0","028","28. La municipalidad prorrogó la fecha de vencimiento de pago al contado o del pago de la primera cuota del Impuesto Predial 2022:","1","4"," "," "," "," ","Pregunta 28: Sólo permite una respuesta,  SÍ  o  NO .<br>Pregunta 28a: Se activa sólo si la respuesta a la pregunta 28 es  SÍ .<br>Si se realizó más de una prórroga en el primer semestre del año, considerar la última.<br>Pregunta 28b: Se activa sólo si la respuesta a la pregunta 28 es  SÍ .<br>Pregunta 28c: Se activa sólo si la respuesta a la pregunta 28 es  SÍ .<br>Pregunta 28d: Se activa sólo si la respuesta a la pregunta 28 es  SÍ .<br>","A"
"2022","1","1","53","52","028001","28a. Nueva fecha de vencimiento","0","3","S","02/01/2022","31/12/2022","<Seleccionar fecha>"," ","A"
"2022","1","1","54","52","028002","28b. Norma legal que aprueba la prórroga:","0","7","S"," "," "," "," ","A"
"2022","1","1","55","54","028002001","a) Ordenanza","1","0"," "," "," "," "," ","A"
"2022","1","1","56","54","028002002","b) Resolución de Alcaldía","1","0"," "," "," "," "," ","A"
"2022","1","1","57","54","028002003","c) Otra","1","0"," "," "," "," "," ","A"
"2022","1","1","58","52","028003","28c. Nº de norma legal que aprueba la prórroga:","0","2","S"," "," ","<Ingresar texto>","Es un campo alfanumérico.  Por ejemplo: 120-2022-MUNIABC","A"
"2022","1","1","59","52","028004","28d. Fecha de publicación de norma legal que aprueba la prórroga:","0","3","S","02/01/2022","31/07/2022","<Seleccionar fecha>"," ","A"
"2022","1","2","60","0","029","29. Número de contribuyentes que presentaron declaración jurada de Impuesto Predial por primera vez en el primer semestre del año 2022:","1","1"," ","0","999999999","<Ingresar cantidad>","29: El rango permitido es de 0 a 999 999 999.","A"
"2022","1","2","61","0","030","30. Número de contribuyentes que presentaron declaración jurada rectificatoria de Impuesto Predial del año 2022: ","1","1"," ","0","999999999","<Ingresar cantidad>","30: El rango permitido es de 0 a 999 999 999.","A"
"2022","1","2","62","0","031","31. La municipalidad identifica las inconsistencias generadas durante el proceso de registro de la declaración jurada:","1","4"," "," "," "," ","Pregunta 31:  Sólo permite una respuesta,  SÍ  o  NO .","A"
"2022","1","2","63","0","032","32. La municipalidad hizo depuración de datos de las declaraciones juradas antes de la emisión masiva del Impuesto Predial 2022:","1","4"," "," "," "," ","Pregunta 32: Sólo permite una respuesta,  SÍ  o  NO .<br>Pregunta 32a: Este campo sólo se activa si la respuesta al campo 32 es  SÍ . 32a es un campo numérico. Usar separador de miles.","A"
"2022","1","2","64","63","032001","32a. Cantidad total de DJs  depuradas:","0","1","S","0","999999999","<Ingresar cantidad>"," ","A"
"2022","1","2","91","0","033","33. Cantidad de DJs prediales de la emisión masiva de Impuesto Predial 2022","1","1"," ","0","999999999","<Ingresar cantidad>","Pregunta 33: Es un campo numérico. Usar separador de miles. El rango permitido es de 0 a 999 999 999.<br> Si la municipalidad no realizó emisión masiva de Impuesto Predial 2022, registrar 0 .","A"
"2020","1","1","1","0","001","1. Ubicación Jerárquica de la Administración Tributaria Municipal:<br>(Según el organigrama vigente de la municipalidad)","1","7"," "," "," "," ","Pregunta 1: Debe permitir desplegar las siguientes opciones: a) Organismo público; b) Gerencia; c) Subgerencia; d) Unidad; e) Oficina; f) Otro; g) No tiene ATM.  Si la respuesta esOtro&#34;, debe permitir registrar el nivel en un campo adyacente.","A"
"2020","1","1","2","1","001001","a) Organismo público","1","0"," "," "," "," "," ","A"
"2020","1","1","3","1","001002","b) Gerencia","1","0"," "," "," "," "," ","A"
"2020","1","1","4","1","001003","c) Subgerencia","1","0"," "," "," "," "," ","A"
"2020","1","1","5","1","001004","d) Unidad","1","0"," "," "," "," "," ","A"
"2020","1","1","6","1","001005","e) Oficina","1","0"," "," "," "," "," ","A"
"2020","1","1","7","1","001006","f) Otro","1","0"," "," "," "," "," ","A"
"2020","1","1","8","1","001007","g) No tiene ATM","1","0"," "," "," "," "," ","A"
"2020","1","1","9","1","001008","1.1. Indicar otra ubicación jerárquica:","0","2","7"," "," ","<Ingresar texto>"," ","A"
"2020","1","1","10","0","002","2. Denominación de la Administración Tributaria Municipal:<br><small>(Según el organigrama vigente de la municipalidad)</small>","1","2"," "," "," ","<Ingresar texto>","Pregunta 2: Si la respuesta a la pregunta 1 esa&#34;, debe permitir registrar el nombre de la Administración Tributaria Municipal.","A"
"2020","1","1","11","1","003","3. Número total de personas que laboran y/o prestan servicios en exclusividad para la Administración Tributaria Municipal:<br><small>(Incluir todas las modalidades de contratación.)</small>","0","1","8","0","999999999","<Ingresar cantidad>","Pregunta 3: Campo numérico. Cero es un valor permitido. Si la respuesta a la pregunta 1 esg&#34;, se debe desactivar este campo.","A"
"2020","1","1","12","0","004","4. Existe un área o unidad orgánica a cargo de la ejecución coactiva:","1","4"," "," "," "," ","Pregunta 4: Sólo permite una respuesta,SÍ&#34; oNO&#34;.","A"
"2020","1","1","13","12","005","5. El área o unidad orgánica de ejecución coactiva depende de la Administración Tributaria Municipal:","0","4","S"," "," "," ","Pregunta 5: Se activa si la respuesta a la pregunta 4 esSÍ&#34;. Sólo permite una respuesta,SÍ&#34; oNO&#34;.","A"
"2020","1","1","14","12","006","6. Número total de personas que laboran y/o prestan servicios en exclusividad en el área o unidad orgánica de ejecucion coactiva <br><small>(Incluir todas las modalidades de contratación.)</small>","0","1","S","0","999999999","<Ingresar cantidad>","Pregunta 6: Se activa sólo si la respuesta a la pregunta 4 esSÍ&#34;. Campo numérico. Cero es un valor permitido.<br>Si la respuesta a la pregunta 5 esSÍ&#34;, el número a registrar no puede ser mayor que el registrado por la pregunta 3.","A"
"2020","1","1","15","0","007","7. Según el organigrama vigente, la municipalidad cuenta con un área o unidad orgánica encargada del catastro urbano del distrito:","1","4"," "," "," "," ","Pregunta 7: Sólo permite una respuesta,SÍ&#34; oNO&#34;.<br>Pregunta 7a: Se activa sólo si la respuesta a la pregunta 7 esSÍ&#34;. 7a es un campo para el registro de palabras.  Por ejemplo:Gerencia de Desarrollo Urbano&#34;.<br>Pregunta 7b: Se activa sólo si la respuesta a la pregunta 7 esSÍ&#34;. 7b sólo permite una respuesta,SÍ&#34; oNO&#34;.","A"
"2020","1","1","16","15","007001","7a. Nombre del área o unidad orgánica encargada del catastro urbano:","0","2","S"," "," ","<Ingresar texto>"," ","A"
"2020","1","1","17","15","007002","7b. La ATM trabaja en coordinación con el área de catastro de la municipalidad:","0","4","S"," "," "," "," ","A"
"2020","1","1","18","15","008","8. Número total de personas que laboran y/o prestan servicios en el área o unidad orgánica encargada del catastro urbano del distrito:<br><small>(Incluir todas las modalidades de contratación.)</small>","0","1","S","0","999999999","<Ingresar cantidad>","Pregunta 8: Campo numérico. Cero es un valor permitido. Si la respuesta a la pregunta 7 esNO&#34;, se debe desactivar este campo.","A"
"2020","1","1","19","0","009","9. La municipalidad aprobó el Plan de Desarrollo Catastral 2020:","1","4"," "," "," "," ","Pregunta 9: Sólo permite una respuesta,SÍ&#34; oNO&#34;.<br>Campo adicional sólo se activa si la respuesta a la pregunta 9 esSÍ&#34;.  Debe mostrar un tablero de fechas del 01/01/2019 al 30/06/2020.","A"
"2020","1","1","20","19","009001","9.1. Indique la fecha:","0","3","S","01/01/2019","30/06/2020","<Seleccionar fecha>"," ","A"
"2020","1","1","21","0","010","10. La municipalidad utiliza la información del catastro distrital en la gestión del Impuesto Predial:","1","4"," "," "," "," ","Pregunta 10: Sólo permite una respuesta,SÍ&#34; oNO&#34;.","A"
"2020","1","1","22","0","011","11. La municipalidad utiliza un indicador de morosidad (%) de la recaudación del Impuesto Predial:","1","4"," "," "," "," ","Pregunta 11: Sólo permite una respuesta,SÍ&#34; oNO&#34;.<br>Campo adicional se activa sólo si la respuesta a la pregunta 11 esSÍ&#34;. La morosidad máxima permitida es 100%.","A"
"2020","1","1","23","22","011001","11.1. Indique el porcentaje (%):","0","11","S","0","100","<Ingresar porcentaje>"," ","A"
"2020","1","1","24","0","012","12. La municipalidad utiliza un indicador de número de valores tributarios (OP, RD, y/o RM) emitidos:","1","4"," "," "," "," "," ","A"
"2020","1","1","25","24","012001","12.1. Indicar cantidad:","0","1","S","0","999999999","<Ingresar cantidad>","Pregunta 12: Sólo permite una respuesta,SÍ&#34; oNO&#34;.<br>Campo adicional se activa sólo si la respuesta a la pregunta 12 esSÍ&#34;.  Rango permitido es de 0 a 999 999 999.","A"
"2020","1","1","26","0","013","13. Monto (S/) total de insoluto de Impuesto Predial contenido en valores tributarios (OP y RD) emitidos:","1","11"," ","0","999999999999999","<Ingresar monto>","Pregunta 13: Se debe usar separadores de miles.Cero&#34; es un valor permitido. El rango permitido es de 0 a 999 999 999. La respuesta es un dato numérico.","A"
"2020","1","1","27","0","014","14. La municipalidad utiliza un indicador de número de valores tributarios (OP, RD, y/o RM) notificados:","1","4"," "," "," "," ","Pregunta 14: Sólo permite una respuesta,SÍ&#34; oNO&#34;.<br>Campo adicional se activa sólo si la respuesta a la pregunta 14 esSÍ&#34;.  Rango permitido es de 0 a 999 999 999.","A"
"2020","1","1","28","27","014001","14.1. Indicar cantidad:","0","1","S","0","999999999","<Ingresar cantidad>"," ","A"
"2020","1","1","29","0","015","15. Monto (S/) total de insoluto de Impuesto Predial contenido en valores tributarios (OP y RD) notificados:","1","11"," ","0","999999999999999","<Ingresar monto>","Pregunta 15: Se debe usar separadores de miles.Cero&#34; es un valor permitido. El rango permitido es de 0 a 999 999 999.","A"
"2020","1","1","87","0","016","16. La municipalidad utiliza un indicador de número de convenios de fraccionamiento aprobados (emitidos):","1","4"," "," "," "," ","Pregunta 16: Sólo permite una respuesta,SÍ&#34; oNO&#34;.<br>Campo adicional se activa sólo si la respuesta a la pregunta 16 esSÍ&#34;.  El rango permitido es de 0 a 999 999 999.","A"
"2020","1","1","88","87","016001","16.1. Ingresar indicador de número de convenios:","0","1","S","0","999999999","<Ingresar cantidad>"," ","A"
"2020","1","1","89","0","017","17. La municipalidad utiliza un indicador de número de convenios de fraccionamiento cancelados por pago total:","1","4"," "," "," "," ","Pregunta 17: Sólo permite una respuesta,SÍ&#34; oNO&#34;.<br>Campo adicional se activa sólo si la respuesta a la pregunta 17 esSÍ&#34;.  El rango permitido es de 0 a 999 999 999.","A"
"2020","1","1","90","89","017001","17.1. Indicar número de convenios:","0","1","S","0","999999999","<Ingresar cantidad>"," ","A"
"2020","1","1","30","0","018","18. La municipalidad aprobó algún beneficio tributario o amnistía por deuda de Impuesto Predial en el año 2020:","1","4"," "," "," "," ","Pregunta 18: Sólo permite una respuesta,SÍ&#34; oNO&#34;.<br>Pregunta 18a: Se activa sólo si la respuesta a la pregunta 18 esSÍ&#34;.<br>Pregunta 18b: Se activa sólo si la respuesta a la pregunta 18 esSÍ&#34;.<br>Pregunta 18c: Se activa sólo si la respuesta a la pregunta 18 esSÍ&#34;.<br>","A"
"2020","1","1","31","30","018001","18a. Norma legal que aprueba el beneficio tributario o amnistía:","0","7","S"," "," "," "," ","A"
"2020","1","1","32","31","018001001","a) Ordenanza","1","0"," "," "," "," "," ","A"
"2020","1","1","33","31","018001002","b) Resolución de Alcaldía","1","0"," "," "," "," "," ","A"
"2020","1","1","34","31","018001003","c) Otro","1","0"," "," "," "," "," ","A"
"2020","1","1","35","30","018002","18b. Nº de norma legal:","0","2","S"," "," ","<Ingresar texto>"," ","A"
"2020","1","1","36","30","018003","18c. Fecha de publicación de norma legal:","0","3","S","01/01/2020","31/07/2020","<Seleccionar fecha>"," ","A"
"2020","1","1","37","0","019","19. La municipalidad difunde información o mensajes alusivos al destino de la recaudación predial (en la cuponera o cartillas de liquidación del Impuesto Predial) y/o en su portal electrónico:","1","4"," "," "," "," ","Pregunta 19: Sólo permite una respuesta,SÍ&#34; oNO&#34;.","A"
"2020","1","1","38","0","020","20. La municipalidad utiliza el 5% de la recaudación predial para financiar el desarrollo y mantenimiento del catastro y/o para reforzar las acciones orientadas a mejorar la gestión y recaudación predial, según lo dispuesto en el artículo 20 de la Ley de Tributación Municipal:","1","4"," "," "," "," ","Pregunta 20: Sólo permite una respuesta,SÍ&#34; oNO&#34;.","A"
"2020","1","1","39","0","021","21. La municipalidad tiene aprobado un procedimiento de registro de predios:","1","4"," "," "," "," ","Pregunta 21: Sólo permite una respuesta,SÍ&#34; oNO&#34;.","A"
"2020","1","1","40","0","022","22. La municipalidad tiene aprobado un procedimiento de registro de contribuyentes:","1","4"," "," "," "," ","Pregunta 22: Sólo permite una respuesta,SÍ&#34; oNO&#34;.","A"
"2020","1","1","41","0","023","23. La municipalidad tiene aprobado un procedimiento de registro de declaración jurada del Impuesto Predial:","1","4"," "," "," "," ","Pregunta 23: Sólo permite una respuesta,SÍ&#34; oNO&#34;.","A"
"2020","1","1","42","0","024","24. La municipalidad tiene aprobado un procedimiento de cálculo y determinación de la deuda tributaria predial:","1","4"," "," "," "," ","Pregunta 24: Sólo permite una respuesta,SÍ&#34; oNO&#34;.","A"
"2020","1","1","43","0","025","25. La municipalidad tiene aprobado un procedimiento de fiscalización tributaria:","1","4"," "," "," "," ","Pregunta 25: Sólo permite una respuesta,SÍ&#34; oNO&#34;.","A"
"2020","1","1","44","0","026","26. La municipalidad tiene un régimen de fraccionamiento de deudas que incluye el Impuesto Predial:","1","4"," "," "," "," ","Pregunta 26: Sólo permite una respuesta,SÍ&#34; oNO&#34;.","A"
"2020","1","1","45","0","027","27. La municipalidad lleva el control de la determinación del Impuesto Predial mediante:<br><small>(Seleccionar sólo una alternativa)</small>","1","5"," "," "," "," ","Pregunta 27: Seleccionar solo una alternativa","A"
"2020","1","1","46","45","027001","27.1.  No tiene sistema informático.  (Sólo guarda la información de forma física.  Por ejemplo: En archivadores)","1","6"," "," "," "," "," ","A"
"2020","1","1","47","45","027002","27.2. Una base de datos en Excel","1","6"," "," "," "," "," ","A"
"2020","1","1","48","45","027003","27.3. Un sistema informático desarrollado por la misma municipalidad","1","6"," "," "," "," "," ","A"
"2020","1","1","49","45","027004","27.4. El Sistema de Recaudación Tributaria Municipal (SRTM) que el MEF brinda a las municipalidades","1","6"," "," "," "," "," ","A"
"2020","1","1","50","45","027005","27.5. Un sistema informático desarrollado por terceros","1","6"," "," "," "," "," ","A"
"2020","1","1","51","45","027006","27.6. Otra forma diferente de las anteriores","1","6"," "," "," "," "," ","A"
"2020","1","1","52","0","028","28. La municipalidad prorrogó la fecha de vencimiento de pago al contado o del pago de la primera cuota del Impuesto Predial 2020:","1","4"," "," "," "," ","Pregunta 28: Sólo permite una respuesta,SÍ&#34; oNO&#34;.<br>Pregunta 28a: Se activa sólo si la respuesta a la pregunta 28 esSÍ&#34;.<br>Si se realizó más de una prórroga en el primer semestre del año, considerar la última.<br>Pregunta 28b: Se activa sólo si la respuesta a la pregunta 28 esSÍ&#34;.<br>Pregunta 28c: Se activa sólo si la respuesta a la pregunta 28 esSÍ&#34;.<br>Pregunta 28d: Se activa sólo si la respuesta a la pregunta 28 esSÍ&#34;.<br>","A"
"2020","1","1","53","52","028001","28a. Nueva fecha de vencimiento","0","3","S","02/01/2020","30/06/2020","<Seleccionar fecha>"," ","A"
"2020","1","1","54","52","028002","28b. Norma legal que aprueba la prórroga:","0","7","S"," "," "," "," ","A"
"2020","1","1","55","54","028002001","a) Ordenanza","1","0"," "," "," "," "," ","A"
"2020","1","1","56","54","028002002","b) Resolución de Alcaldía","1","0"," "," "," "," "," ","A"
"2020","1","1","57","54","028002003","c) Otra","1","0"," "," "," "," "," ","A"
"2020","1","1","58","52","028003","28c. Nº de norma legal que aprueba la prórroga:","0","2","S"," "," ","<Ingresar texto>"," ","A"
"2020","1","1","59","52","028004","28d. Fecha de publicación de norma legal que aprueba la prórroga:","0","3","S","02/01/2020","30/06/2020","<Seleccionar fecha>"," ","A"
"2020","1","2","60","0","029","29. Número de contribuyentes que presentaron declaración jurada de Impuesto Predial por primera vez en el primer semestre del año 2020:","1","1"," ","0","999999999","<Ingresar cantidad>","29: El rango permitido es de 0 a 999 999 999.","A"
"2020","1","2","61","0","030","30. Número de contribuyentes que presentaron declaración jurada rectificatoria de Impuesto Predial del año 2020: ","1","1"," ","0","999999999","<Ingresar cantidad>","30: El rango permitido es de 0 a 999 999 999.","A"
"2020","1","2","62","0","031","31. La municipalidad identifica las inconsistencias generadas durante el proceso de registro de la declaración jurada:","1","4"," "," "," "," ","Pregunta 31:  Sólo permite una respuesta,SÍ&#34; oNO&#34;.","A"
"2020","1","2","63","0","032","32. La municipalidad hizo depuración de datos de las declaraciones juradas antes de la emisión masiva del Impuesto Predial 2020:","1","4"," "," "," "," ","Pregunta 32: Sólo permite una respuesta,SÍ&#34; oNO&#34;.<br>Pregunta 32a: Este campo sólo se activa si la respuesta al campo 32 esSÍ&#34;. 32a es un campo numérico. Usar separador de miles.","A"
"2020","1","2","64","63","032001","32a. Cantidad total de DJs  depuradas:","0","1","S","0","999999999","<Ingresar cantidad>"," ","A"
"2020","1","2","91","0","033","33. Cantidad de DJs prediales de la emisión masiva de Impuesto Predial 2020","1","1"," ","0","999999999","<Ingresar cantidad>","Pregunta 33: Es un campo numérico. Usar separador de miles. El rango permitido es de 0 a 999 999 999.","A"
"2023","1","1","1","0","001","1. Ubicación Jerárquica de la Administración Tributaria Municipal:<br><small>(Según el organigrama vigente de la municipalidad)<small>","1","7"," "," "," "," ","Pregunta 1: Debe permitir desplegar las siguientes opciones: a) Organismo público; b) Gerencia; c) Subgerencia; d) Unidad; e) Oficina; f) Otro; g) No tiene ATM.  Si la respuesta es  Otro , debe permitir registrar el nivel en un campo adyacente.","A"
"2023","1","1","2","1","001001","a) Organismo público","1","0"," "," "," "," "," ","A"
"2023","1","1","3","1","001002","b) Gerencia","1","0"," "," "," "," "," ","A"
"2023","1","1","4","1","001003","c) Subgerencia","1","0"," "," "," "," "," ","A"
"2023","1","1","5","1","001004","d) Unidad","1","0"," "," "," "," "," ","A"
"2023","1","1","6","1","001005","e) Oficina","1","0"," "," "," "," "," ","A"
"2023","1","1","7","1","001006","f) Otro","1","0"," "," "," "," "," ","A"
"2023","1","1","8","1","001007","g) No tiene ATM","1","0"," "," "," "," "," ","A"
"2023","1","1","9","1","001008","1.1. Indicar otra ubicación jerárquica:","0","2","7"," "," ","<Ingresar texto>"," ","A"
"2023","1","1","10","0","002","2. Denominación de la Administración Tributaria Municipal:<br><small>(Según el organigrama vigente de la municipalidad)</small>","1","2"," "," "," ","<Ingresar texto>","Pregunta 2: Si la respuesta a la pregunta 1 es  a , debe permitir registrar el nombre de la Administración Tributaria Municipal. Ejemplo:  Servicio de Administración Tributaria de Lima <br>Si la respuesta a la pregunta 1 es de la  b  a la  g , debe permitir registrar el nombre del área o unidad orgánica que hace las veces de la ATM.  Ejemplo:  Gerencia de Rentas ","A"
"2023","1","1","11","1","003","3. Número total de personas que laboran y/o prestan servicios en exclusividad para la Administración Tributaria Municipal al cierre de mayo del 2023:<br><small>(Incluir todas las modalidades de contratación.)</small>","0","1","8","0","999999999","<Ingresar cantidad>","Pregunta 3: Campo numérico. Cero es un valor permitido. Si la respuesta a la pregunta 1 es  g , se debe desactivar este campo.<br> Se debe considerar a los regímenes DLeg 276, DLeg 728, CAS y locación de servicios .","A"
"2023","1","1","12","0","004","4. Existe un área o unidad orgánica a cargo de la ejecución coactiva:","1","4"," "," "," "," ","Pregunta 4: Sólo permite una respuesta,  SÍ  o  NO .","A"
"2023","1","1","13","12","005","5. El área o unidad orgánica de ejecución coactiva depende de la Administración Tributaria Municipal:","0","4","S"," "," "," ","Pregunta 5: Se activa si la respuesta a la pregunta 4 es  SÍ . Sólo permite una respuesta,  SÍ  o  NO .","A"
"2023","1","1","14","12","006","6. Número total de personas que laboran y/o prestan servicios en exclusividad en el área o unidad orgánica de ejecucion coactiva al cierre de mayo del 2023.<br><small>(Incluir todas las modalidades de contratación.)</small>","0","1","S","0","999999999","<Ingresar cantidad>","Pregunta 6: Se activa sólo si la respuesta a la pregunta 4 es  SÍ . Campo numérico. Cero es un valor permitido.<br>Considerar que el número a registrar no puede ser mayor que el registrado en la pregunta 3.<br> Se debe considerar a los regímenes DLeg 276, DLeg 728, CAS y locación de servicios .","A"
"2023","1","1","15","0","007","7. Según el organigrama vigente, la municipalidad cuenta con un área o unidad orgánica encargada del catastro urbano del distrito:","1","4"," "," "," "," ","Pregunta 7: Sólo permite una respuesta,  SÍ  o  NO .<br>Pregunta 7a: Se activa sólo si la respuesta a la pregunta 7 es  SÍ . 7a es un campo para el registro de palabras.  Por ejemplo:  Gerencia de Desarrollo Urbano .<br>Pregunta 7b: Se activa sólo si la respuesta a la pregunta 7 es  SÍ . 7b sólo permite una respuesta,  SÍ  o  NO .","A"
"2023","1","1","16","15","007001","7a. Nombre del área o unidad orgánica encargada del catastro urbano:","0","2","S"," "," ","<Ingresar texto>"," ","A"
"2023","1","1","17","15","007002","7b. La ATM trabaja en coordinación con el área de catastro de la municipalidad:","0","4","S"," "," "," "," ","A"
"2023","1","1","18","15","008","8. Número total de personas que laboran y/o prestan servicios en el área o unidad orgánica encargada del catastro urbano del distrito al cierre de mayo del 2023:<br><small>(Incluir todas las modalidades de contratación.)</small>","0","1","S","0","999999999","<Ingresar cantidad>","Pregunta 8: Campo numérico. Cero es un valor permitido. Si la respuesta a la pregunta 7 es  NO , se debe desactivar este campo.<br> Se debe considerar a los regímenes DLeg 276, DLeg 728, CAS y locación de servicios .","A"
"2023","1","1","19","0","009","9. La municipalidad aprobó el Plan de Desarrollo Catastral 2023:","1","4"," "," "," "," ","Pregunta 9: Sólo permite una respuesta,  SÍ  o  NO .<br>Campo adicional sólo se activa si la respuesta a la pregunta 9 es  SÍ .  Debe mostrar un tablero de fechas del 01/01/2020 al 30/06/2023.","A"
"2023","1","1","20","19","009001","9.1. Indique la fecha:","0","3","S","01/01/2020","30/06/2023","<Seleccionar fecha>"," ","A"
"2023","1","1","21","0","010","10. La municipalidad utiliza la información del catastro distrital en la gestión del Impuesto Predial durante el presente año:","1","4"," "," "," "," ","Pregunta 10: Sólo permite una respuesta,  SÍ  o  NO .","A"
"2023","1","1","22","0","011","11. La municipalidad utiliza un indicador de morosidad (%) de la recaudación del Impuesto Predial durante el presente año:","1","4"," "," "," "," ","Pregunta 11: Sólo permite una respuesta,  SÍ  o  NO .<br>Campo adicional se activa sólo si la respuesta a la pregunta 11 es  SÍ . La morosidad máxima permitida es 100%.<br> En campo adicional se debe registrar la morosidad del Impuesto Predial corriente al 30/06/2023.Si la emisión del Impuesto Predial corriente es igual a 0, se debe registrar morosidad 0% .","A"
"2023","1","1","23","22","011001","11.1. Indique Porcentaje al cierre del año 2022:","0","11","S","0","100","<Ingresar porcentaje>"," ","A"
"2023","1","1","24","0","012","12. La municipalidad cuenta con el número de valores tributarios (OP, RD, y/o RM) emitidos durante el presente año:","1","4"," "," "," "," ","Pregunta 12: Sólo permite una respuesta,  SÍ  o  NO .<br>Se apertura dos campos adicionales, estas se activan sólo si la respuesta a la pregunta 12 es  SÍ .  Rango permitido es de 0 a 999 999 999.","A"
"2023","1","1","25","24","012001","12.1. Indicar cantidad del año 2022:","0","1","S","0","999999999","<Ingresar cantidad>"," ","A"
"2023","1","1","26","24","012002","12.2. Indicar cantidad del presente año:","0","1","S","0","999999999","<Ingresar cantidad>"," ","A"
"2023","1","1","27","0","013","13. Cuenta con el Monto total de insoluto de Impuesto Predial contenido en valores tributarios (OP y RD) emitidos para el presente año:","1","4"," "," "," "," ","Pregunta 13: Sólo permite una respuesta,  SÍ  o  NO .<br>.Se apertura dos Campos adicionales, estas se activan sólo si la respuesta a la pregunta 13 es  SÍ . Se debe usar separadores de miles.  Cero  es un valor permitido. El rango permitido es de 0 a 999 999 999.00.","A"
"2023","1","1","28","27","013001","13.1. Indicar el monto (S/) emitido en el año 2022:","0","1","S","0","999999999","<Ingresar monto>"," ","A"
"2023","1","1","29","27","013002","13.2. Indicar el monto (S/) emitido en el presente año:","0","1","S","0","999999999","<Ingresar monto>"," ","A"
"2023","1","1","30","0","014","14. La municipalidad utiliza un indicador de número de valores tributarios (OP, RD, y/o RM) notificados:","1","4"," "," "," "," ","Pregunta 14: Sólo permite una respuesta,  SÍ  o  NO .<br>Se apertura dos campos adicionales, estas se activan sólo si la respuesta a la pregunta 14 es  SÍ .  Rango permitido es de 0 a 999 999 999.","A"
"2023","1","1","31","30","014001","14.1. Indicar la cantidad notificada en el año 2022:","0","1","S","0","999999999","<Ingresar cantidad>"," ","A"
"2023","1","1","32","30","014002","14.2. Indicar la cantidad notificada en el presente año:","0","1","S","0","999999999","<Ingresar cantidad>"," ","A"
"2023","1","1","33","0","015","15. La municipalidad cuenta con el monto total de insoluto de Impuesto Predial contenido en valores tributarios (OP y RD) notificados:","1","4"," "," "," "," ","Pregunta 15: Sólo permite una respuesta,  SÍ  o  NO .<br>Se apertura dos Campos adicionales, estas se activan sólo si la respuesta a la pregunta 15 es  SÍ .  Este habilitado campo numérico,  Cero  es un valor permitido. Rango permitido es de 0 a 999 999 999.","A"
"2023","1","1","34","33","015001","15.1. En el año 2022:","0","1","S","0","999999999","<Ingresar monto>"," ","A"
"2023","1","1","35","33","015002","15.2. En el presente año:","0","1","S","0","999999999","<Ingresar monto>"," ","A"
"2023","1","1","36","0","016","16. La municipalidad utiliza un indicador de número de convenios de fraccionamiento aprobados (emitidos):","1","4"," "," "," "," ","Pregunta 16: Sólo permite una respuesta,  SÍ  o  NO .<br>Se apertura dos Campos adicionales, estas se activan sólo si la respuesta a la pregunta 16 es  SÍ .  Rango permitido es de 0 a 999 999 999.","A"
"2023","1","1","37","36","016001","16.1. Ingresar indicador de número de convenios en el año 2022:","0","1","S","0","999999999","<Ingresar cantidad>"," ","A"
"2023","1","1","38","36","016002","16.2. Ingresar indicador de número de convenios en el presente año:","0","1","S","0","999999999","<Ingresar cantidad>"," ","A"
"2023","1","1","39","0","017","17. La municipalidad utiliza un indicador de número de convenios de fraccionamiento cancelados por pago total:","1","4"," "," "," "," ","Pregunta 17: Sólo permite una respuesta,  SÍ  o  NO .<br>Se apertura dos campos adicionales, estas se activan sólo si la respuesta a la pregunta 17 es  SÍ .  El rango permitido es de 0 a 999 999 999.","A"
"2023","1","1","40","39","017001","17.1. Indicar número de convenios en el año 2022:","0","1","S","0","999999999","<Ingresar cantidad>"," ","A"
"2023","1","1","41","39","017002","17.2. Ingresar número de convenios en el presente año:","0","1","S","0","999999999","<Ingresar cantidad>"," ","A"
"2023","1","1","42","0","018","18. La municipalidad aprobó algún beneficio tributario o amnistía por deuda de Impuesto Predial en el año 2023:","1","4"," "," "," "," ","Pregunta 18: Sólo permite una respuesta,  SÍ  o  NO .<br>Pregunta 18a: Se activa sólo si la respuesta a la pregunta 18 es  SÍ .<br>Pregunta 18b: Se activa sólo si la respuesta a la pregunta 18 es  SÍ .<br>Pregunta 18c: Se activa sólo si la respuesta a la pregunta 18 es  SÍ .<br>","A"
"2023","1","1","43","42","018001","18a. Norma legal que aprueba el beneficio tributario o amnistía:","0","7","S"," "," "," "," ","A"
"2023","1","1","44","43","018001001","a) Ordenanza","1","0"," "," "," "," "," ","A"
"2023","1","1","45","43","018001002","b) Resolución de Alcaldía","1","0"," "," "," "," "," ","A"
"2023","1","1","46","43","018001003","c) Otro","1","0"," "," "," "," "," ","A"
"2023","1","1","47","42","018002","18b. Nº de norma legal:","0","2","S"," "," ","<Ingresar texto>","Es un campo alfanumérico.  Por ejemplo: 120-2022-MUNIABC.","A"
"2023","1","1","48","42","018003","18c. Fecha de publicación de norma legal:","0","3","S","02/01/2023","30/06/2023","<Seleccionar fecha>"," ","A"
"2023","1","1","49","0","019","19. La municipalidad difunde información o mensajes alusivos al destino de la recaudación predial (en la cuponera o cartillas de liquidación del Impuesto Predial) y/o en su portal electrónico:","1","4"," "," "," "," ","Pregunta 19: Sólo permite una respuesta,  SÍ  o  NO .","A"
"2023","1","1","50","0","020","20. La municipalidad utiliza el 5% de la recaudación predial para financiar el desarrollo y mantenimiento del catastro y/o para reforzar las acciones orientadas a mejorar la gestión y recaudación predial, según lo dispuesto en el artículo 20 de la Ley de Tributación Municipal:","1","4"," "," "," "," ","Pregunta 20: Sólo permite una respuesta,  SÍ  o  NO .","A"
"2023","1","1","51","0","021","21. La municipalidad tiene aprobado un procedimiento de registro de predios:","1","4"," "," "," "," ","Pregunta 21: Sólo permite una respuesta,  SÍ  o  NO .","A"
"2023","1","1","52","0","022","22. La municipalidad tiene aprobado un procedimiento de registro de contribuyentes:","1","4"," "," "," "," ","Pregunta 22: Sólo permite una respuesta,  SÍ  o  NO .","A"
"2023","1","1","53","0","023","23. La municipalidad tiene aprobado un procedimiento de registro de declaración jurada del Impuesto Predial:","1","4"," "," "," "," ","Pregunta 23: Sólo permite una respuesta,  SÍ  o  NO .","A"
"2023","1","1","54","0","024","24. La municipalidad tiene aprobado un procedimiento de cálculo y determinación de la deuda tributaria predial:","1","4"," "," "," "," ","Pregunta 24: Sólo permite una respuesta,  SÍ  o  NO .","A"
"2023","1","1","55","0","025","25. La municipalidad tiene aprobado un procedimiento de fiscalización tributaria:","1","4"," "," "," "," ","Pregunta 25: Sólo permite una respuesta,  SÍ  o  NO .","A"
"2023","1","1","56","0","026","26. La municipalidad tiene un régimen de fraccionamiento de deudas que incluye el Impuesto Predial:","1","4"," "," "," "," ","Pregunta 26: Sólo permite una respuesta,  SÍ  o  NO .","A"
"2023","1","1","57","0","027","27. La municipalidad lleva el control de la determinación del Impuesto Predial mediante:<br><small>(Seleccionar sólo una alternativa)</small>","1","5"," "," "," "," ","Pregunta 27: Seleccionar solo una alternativa","A"
"2023","1","1","58","57","027001","27.1.  No tiene sistema informático.  (Sólo guarda la información de forma física.  Por ejemplo: En archivadores)","1","6"," "," "," "," "," ","A"
"2023","1","1","59","57","027002","27.2. Una base de datos en Excel","1","6"," "," "," "," "," ","A"
"2023","1","1","60","57","027003","27.3. Un sistema informático desarrollado por la misma municipalidad","1","6"," "," "," "," "," ","A"
"2023","1","1","61","57","027004","27.4. El Sistema de Recaudación Tributaria Municipal (SRTM) que el MEF brinda a las municipalidades","1","6"," "," "," "," "," ","A"
"2023","1","1","62","57","027005","27.5. Un sistema informático desarrollado por terceros","1","6"," "," "," "," "," ","A"
"2023","1","1","63","57","027006","27.6. Otra forma diferente de las anteriores","1","6"," "," "," "," "," ","A"
"2023","1","1","64","0","028","28. La municipalidad prorrogó la fecha de vencimiento de pago al contado o del pago de la primera cuota del Impuesto Predial 2023:","1","4"," "," "," "," ","Pregunta 28: Sólo permite una respuesta,  SÍ  o  NO .<br>Pregunta 28a: Se activa sólo si la respuesta a la pregunta 28 es  SÍ .<br>Si se realizó más de una prórroga en el primer semestre del año, considerar la última.<br>Pregunta 28b: Se activa sólo si la respuesta a la pregunta 28 es  SÍ .<br>Pregunta 28c: Se activa sólo si la respuesta a la pregunta 28 es  SÍ .<br>Pregunta 28d: Se activa sólo si la respuesta a la pregunta 28 es  SÍ .<br>","A"
"2023","1","1","65","64","028001","28a. Nueva fecha de vencimiento","0","3","S","02/01/2023","31/12/2023","<Seleccionar fecha>"," ","A"
"2023","1","1","66","64","028002","28b. Norma legal que aprueba la prórroga:","0","7","S"," "," "," "," ","A"
"2023","1","1","67","66","028002001","a) Ordenanza","1","0"," "," "," "," "," ","A"
"2023","1","1","68","66","028002002","b) Resolución de Alcaldía","1","0"," "," "," "," "," ","A"
"2023","1","1","69","66","028002003","c) Otra","1","0"," "," "," "," "," ","A"
"2023","1","1","70","64","028003","28c. Nº de norma legal que aprueba la prórroga:","0","2","S"," "," ","<Ingresar texto>","Es un campo alfanumérico.  Por ejemplo: 120-2023-MUNIABC","A"
"2023","1","1","71","64","028004","28d. Fecha de publicación de norma legal que aprueba la prórroga:","0","3","S","02/01/2023","30/06/2023","<Seleccionar fecha>"," ","A"
"2023","1","2","72","0","029","29. Número de contribuyentes que presentaron declaración jurada de Impuesto Predial por primera vez en el primer semestre del año 2023:","1","1"," ","0","999999999","<Ingresar cantidad>","29: El rango permitido es de 0 a 999 999 999.","A"
"2023","1","2","73","0","030","30. Número de contribuyentes que presentaron declaración jurada rectificatoria de Impuesto Predial del año 2023: ","1","1"," ","0","999999999","<Ingresar cantidad>","30: El rango permitido es de 0 a 999 999 999.","A"
"2023","1","2","74","0","031","31. La municipalidad identifica las inconsistencias generadas durante el proceso de registro de la declaración jurada:","1","4"," "," "," "," ","Pregunta 31:  Sólo permite una respuesta,  SÍ  o  NO .","A"
"2023","1","2","75","0","032","32. La municipalidad hizo depuración de datos de las declaraciones juradas antes de la emisión masiva del Impuesto Predial 2023:","1","4"," "," "," "," ","Pregunta 32: Sólo permite una respuesta,  SÍ  o  NO .<br>Pregunta 32a: Este campo sólo se activa si la respuesta al campo 32 es  SÍ . 32a es un campo numérico. Usar separador de miles, rango permitido es de 0 a 999 999 999.","A"
"2023","1","2","76","75","032001","32a. Cantidad total de DJs  depuradas:","0","1","S","0","999999999","<Ingresar cantidad>"," ","A"
"2023","1","2","77","0","033","33. Cantidad de DJs prediales de la emisión masiva de Impuesto Predial 2023","1","1"," ","0","999999999","<Ingresar cantidad>","Pregunta 33: Es un campo numérico. Usar separador de miles. El rango permitido es de 0 a 999 999 999.","A"
"2023","1","2","78","0","034","34. Cual es el valor arancelario promedio para la determinación del impuesto predial 2023:","1","11"," ","0","999999999","<Ingresar monto>","Pregunta 34: Es un campo numérico de máximo dos decimales, rango permitido es de 0 a 999 999 999.00.","A"
"2023","1","2","79","0","035","35 En que porcentaje (%) creció el valor arancelario promedio para el impuesto predial 2023 respecto al 2022:","1","11"," ","0","999","<Ingresar porcentaje>"," ","A"
"2023","1","2","80","0","036","36. Producto de la fiscalización tributaria, la municipalidad ha generado deuda de Impuesto Predial por un monto (insoluto) de:","1","11"," ","0","999999999","<Ingresar monto>","Pregunta 36: Es un campo numérico de máximo dos decimales, rango permitido es de 0 a 999 999 999.","A"
"2023","1","2","81","0","037","37. Número de predios fiscalizados en el año 2022:","1","1"," ","0","999999999","<Ingresar cantidad>","Pregunta 37: Es un campo numérico, rango permitido es de 0 a 999 999 999.","A"
"2023","1","2","82","0","038","38. Número de predios fiscalizados en el presente año:","1","1"," ","0","999999999","<Ingresar cantidad>","Pregunta 38: Es un campo numérico, rango permitido es de 0 a 999 999 999.","A"
"2023","1","2","83","0","039","39. Número de contribuyentes fiscalizados en el año 2022:","1","1"," ","0","999999999","<Ingresar cantidad>","Pregunta 39: Es un campo numérico, rango permitido es de 0 a 999 999 999.","A"
"2023","1","2","84","0","040","40. Número de contribuyentes fiscalizados en el presente año:","1","1"," ","0","999999999","<Ingresar cantidad>","Pregunta 40: Es un campo numérico, rango permitido es de 0 a 999 999 999.","A"
"2023","1","2","85","0","041","41. Área detectada producto de la fiscalización (m2):","1","0"," "," "," "," ","Pregunta 41a: Es un campo numérico de máximo dos decimales, rango permitido es de 0 a 999 999 999.<br>Pregunta 41b: Es un campo numérico de máximo dos decimales, rango permitido es de 0 a 999 999 999.","A"
"2023","1","2","86","85","041001","41a. Terreno","1","11"," ","0","999999999","<Consignar área en m2>"," ","A"
"2023","1","2","87","85","041002","41b. Construcciones","1","11"," ","0","999999999","<Consignar área en m2>"," ","A"
"2023","1","2","88","0","042","42. Indique el tipo de fiscalización que ha realizado colocando la cantidad de predios en cada campo:","1","5"," "," "," "," ","Pregunta 42a: Es un campo numérico de máximo dos decimales, rango permitido es de 0 a 999 999 999.<br>Pregunta 42b: Es un campo numérico de máximo dos decimales, rango permitido es de 0 a 999 999 999.","A"
"2023","1","2","89","88","042001","42a. Omisión","1","1"," ","0","999999999","<Ingresar cantidad>"," ","A"
"2023","1","2","90","88","042002","42b. Subvaluador","1","1"," ","0","999999999","<Ingresar cantidad>"," ","A"
"2023","1","2","91","0","043","43. Seleccione el método por el cual lleva a cabo los procesos de fiscalización:<br><small>(Según el organigrama vigente de la municipalidad)<small>","1","7"," "," "," "," ","Pregunta 43: Se debe mostrar un combo para elegir solo uno de los siguientes valores:<br>43a. De forma presencial<br>43b. Documentaria (base de datos)<br>43c. Medios digitales (Plataformas virtuales)<br>43d. Otra diferente a los anteriores<br>43 a y 43b<br>43 a y 43c<br>43b y 43c<br>Todas (43a 43b y 43c)<br>Si se elige opción 43d el sistema debe mostrar campo: 43.1 Indicar otro método.","A"
"2023","1","2","92","91","043001","43a. De forma presencial","1","0"," "," "," "," "," ","A"
"2023","1","2","93","91","043002","43b. Documentaria (base de datos)","1","0"," "," "," "," "," ","A"
"2023","1","2","94","91","043003","43c. Medios digitales (Plataformas virtuales)","1","0"," "," "," "," "," ","A"
"2023","1","2","95","91","043004","43d. Otra diferente a los anteriores","1","0"," "," "," "," "," ","A"
"2023","1","2","96","91","043005","43a y 43b.","1","0"," "," "," "," "," ","A"
"2023","1","2","97","91","043006","43a y 43c.","1","0"," "," "," "," "," ","A"
"2023","1","2","98","91","043007","43b y 43c.","1","0"," "," "," "," "," ","A"
"2023","1","2","99","91","043008","Todas (43a, 43b y 43c).","1","0"," "," "," "," "," ","A"
"2023","1","2","100","91","043009","43.1. Indicar otro método:","0","2","95"," "," ","<Ingresar texto>"," ","A"
"2023","1","3","101","0","044","44. La municipalidad emitió las cuponeras o cartillas de liquidación del Impuesto Predial 2023:","1","4"," "," "," "," ","Pregunta 44: Sólo permite una respuesta,  SÍ  o  NO .<br>Pregunta 44a: Se activa sólo si la respuesta a la pregunta 44 es  SÍ .  44a es un campo de fecha, por lo que requiere un tablero de fecha del del 02/01/2023 al 30/06/2023.Pregunta 44b: Se activa sólo si la respuesta a la pregunta 44 es  SÍ .  44b es un campo de fecha, por lo que requiere un tablero de fecha del 02/01/2023 al 30/06/2023.44b1  EN PROCESO  es un campo para contestar  SÍ  o  NO .  Es obligatorio si la respuesta al campo 37 es  SÍ .","A"
"2023","1","3","102","101","044001","44a. Fecha de inicio de notificación<br><small>&nbsp;&nbsp;&nbsp;&nbsp;&nbsp;&nbsp;&nbsp;&nbsp;(En caso afirmativo a pregunta 44)</small>","0","3","S","02/01/2023","30/06/2023","<Seleccionar fecha>"," ","A"
"2023","1","3","103","101","044002","44b. Se ha concluido la Notificación?<br><small>&nbsp;&nbsp;&nbsp;&nbsp;&nbsp;&nbsp;&nbsp;&nbsp;(En caso afirmativo a pregunta 44)</small>","0","4","S"," "," "," "," ","A"
"2023","1","3","104","103","044002001","44b.1. Fecha de término de notificación<br><small>","0","3","S","02/01/2023","30/06/2023","<Seleccionar fecha>"," ","A"
"2023","1","3","105","0","045","45. La municipalidad verifica los resultados de la notificación de los valores tributarios (RD, OP):","1","4"," "," "," "," ","Pregunta 45: Sólo permite una respuesta,  SÍ  o  NO .<br>Pregunta 45a: Se activa sólo si la respuesta a la pregunta 45 es  SÍ . 45a es un campo numérico entero.<br>Pregunta 45b: Se activa sólo si la respuesta a la pregunta 45 es  SÍ . 45b es un campo numérico entero.<br>Pregunta 45c: Se activa sólo si la respuesta a la pregunta 45 es  SÍ . 45c es un campo numérico entero.","A"
"2023","1","3","106","105","045001","45a. Valores tributarios notificados con acuse de recibo (RD, OP):","0","1","S","0","999999999","<Ingresar cantidad>"," ","A"
"2023","1","3","107","105","045002","45b. Valores tributarios notificados con resultado  Se negó a recibir  (RD, OP):","0","1","S","0","999999999","<Ingresar cantidad>"," ","A"
"2023","1","3","108","105","045003","45c. Valores tributarios no notificados (RD, OP):","0","1","S","0","999999999","<Ingresar cantidad>"," ","A"
"2023","1","4","109","12","046","46. La municipalidad ha trasladado a Ejecución Coactiva la deuda por Impuesto Predial por un importe insoluto de:","1","11","S","0","999999999","<Ingresar monto>","Pregunta 46: La respuesta Es un campo numérico de máximo dos decimales, rango permitido es de 0 a 999 999 999","A"
"2023","1","4","110","0","047","47. La municipalidad segmenta la deuda por Impuesto Predial:","1","4"," "," "," "," ","Pregunta 47: Sólo permite una respuesta,  SÍ  o  NO .","A"
"2023","1","4","111","0","048","48. La municipalidad cuenta con una estrategia de cobranza de la deuda por Impuesto Predial:","1","4"," "," "," "," ","Pregunta 48: Sólo permite una respuesta,  SÍ  o  NO .","A"
"2023","1","5","112","0","049","49.  Canales a disposición del contribuyente para pagar el Impuesto Predial:","1","0"," "," "," "," "," Pregunta 49a: Sólo permite una respuesta,  SÍ  o  NO .<br> Pregunta 49b: Sólo permite una respuesta,  SÍ  o  NO .<br> Pregunta 49c: Sólo permite una respuesta,  SÍ  o  NO .<br> Pregunta 49d: Sólo permite una respuesta,  SÍ  o  NO .<br> Campo adicional se activa sólo si la respuesta a la pregunta 49d es  SÍ .","A"
"2023","1","5","113","112","049001","49a. Cajas (ventanillas de pago) de la municipalidad","1","4"," "," "," "," "," ","A"
"2023","1","5","114","112","049002","49b. Bancos","1","4"," "," "," "," "," ","A"
"2023","1","5","115","112","049003","49c. Internet","1","4"," "," "," "," "," ","A"
"2023","1","5","116","112","049004","49d. Otro","1","4"," "," "," "," "," ","A"
"2023","1","5","117","116","049004001","49d.1. Indicar otro canal:","0","2","S"," "," ","<Ingresar texto>"," ","A"
"2022","1","2","65","0","034","34. Producto de la fiscalización tributaria, la municipalidad ha generado deuda de Impuesto Predial por un monto (S/) insoluto de:","1","11"," ","0","999999999","<Ingresar monto>","Pregunta 34: Es un campo numérico. Usar separador de miles. El rango permitido es de 0 a 999 999 999.00 .<br> Se debe registrar el monto de la deuda generada de enero a junio 2022.Si la municipalidad no ha realizado fiscalización tributaria, registrar 0 .","A"
"2022","1","2","66","0","035","35. Número de predios fiscalizados:","1","1"," ","0","999999999","<Ingresar cantidad>","Pregunta 35: Es un campo numérico. Usar separador de miles. El rango permitido es de 0 a 999 999 999.<br> Se debe registrar la cantidad de predios fiscalizados de enero a junio 2022 .","A"
"2022","1","2","67","0","036","36. Área detectada producto de la fiscalización (m2):","1","0"," "," "," "," ","Pregunta 36a: Es un campo numérico. Usar separador de miles. El rango permitido es de 0 a 999 999 999.00 .<br>Pregunta 36b: Es un campo numérico. Usar separador de miles.  El rango permitido es de 0 a 999 999 999.99 .","A"
"2022","1","2","68","67","036001","36a. Terreno (m2)","1","11"," ","0","999999999","<Consignar área en m2>"," ","A"
"2022","1","2","69","67","036002","36b. Construcciones (m2)","1","11"," ","0","999999999","<Consignar área en m2>"," ","A"
"2022","1","3","70","0","037","37. La municipalidad emitió las cuponeras o cartillas de liquidación del Impuesto Predial 2022:","1","4"," "," "," "," ","Pregunta 37: Sólo permite una respuesta,  SÍ  o  NO .<br>Pregunta 37a: Se activa sólo si la respuesta a la pregunta 37 es  SÍ .  37a es un campo de fecha, por lo que requiere un tablero de fecha del 02/01/2022 al 30/06/2022.<br>Pregunta 37b: Se activa sólo si la respuesta a la pregunta 37 es  SÍ .  37b es un campo de fecha, por lo que requiere un tablero de fecha del 02/01/2022 al 31/07/2022.<br> EN PROCESO  es un campo para contestar  SÍ  o  NO .  Es obligatorio si la respuesta al campo 37 es  SÍ .","A"
"2022","1","3","71","70","037001","37a. Fecha de inicio de notificación<br><small>&nbsp;&nbsp;&nbsp;&nbsp;&nbsp;&nbsp;&nbsp;&nbsp;(En caso afirmativo a pregunta 37)</small>","0","3","S","02/01/2022","30/06/2022","<Seleccionar fecha>"," ","A"
"2022","1","3","72","70","037002","37b. Fecha de término de notificación<br><small>&nbsp;&nbsp;&nbsp;&nbsp;&nbsp;&nbsp;&nbsp;&nbsp;(En caso afirmativo a pregunta 37)</small>","0","3","S","02/01/2022","31/07/2022","<Seleccionar fecha>"," ","A"
"2022","1","3","73","70","037002001","37b.1. EN PROCESO","0","4","S"," "," "," "," ","A"
"2022","1","3","74","0","038","38. La municipalidad verifica los resultados de la notificación de los valores tributarios (RD, OP):","1","4"," "," "," "," ","Pregunta 38: Sólo permite una respuesta,  SÍ  o  NO .<br>Pregunta 39a: Se activa sólo si la respuesta a la pregunta 38 es  SÍ . 39a es un campo numérico. Debe tener separador de miles.<br>Pregunta 39b: Se activa sólo si la respuesta a la pregunta 38 es  SÍ . 39b es un campo numérico. Debe tener separador de miles.<br>Pregunta 39c: Se activa sólo si la respuesta a la pregunta 38 es  SÍ . 39c es un campo numérico. Debe tener separador de miles.","A"
"2022","1","3","75","74","039001","39a. Valores tributarios notificados con acuse de recibo (RD, OP):","0","1","S","0","999999999","<Ingresar cantidad>"," ","A"
"2022","1","3","76","74","039002","39b. Valores tributarios notificados con resultado  Se negó a recibir  (RD, OP):","0","1","S","0","999999999","<Ingresar cantidad>"," ","A"
"2022","1","3","77","74","039003","39c. Valores tributarios no notificados (RD, OP):","0","1","S","0","999999999","<Ingresar cantidad>"," ","A"
"2022","1","4","78","12","040","40. La municipalidad ha trasladado a Ejecución Coactiva la deuda por Impuesto Predial por un importe (S/) insoluto de:","0","11","S","0","999999999","<Ingresar monto>","Pregunta 40: Se activa sólo si la respuesta a la pregunta 4 es  SÍ . La respuesta es un dato numérico.<br>Se debe usar separadores de miles.  Cero  es un valor permitido.","A"
"2022","1","4","79","0","041","41. La municipalidad segmenta la deuda por Impuesto Predial:","1","4"," "," "," "," ","Pregunta 41: Sólo permite una respuesta,  SÍ  o  NO .","A"
"2022","1","4","80","0","042","42. La municipalidad cuenta con una estrategia de cobranza de la deuda por Impuesto Predial:","1","4"," "," "," "," ","Pregunta 42: Sólo permite una respuesta,  SÍ  o  NO .","A"
"2022","1","5","81","0","043","43.  Canales a disposición del contribuyente para pagar el Impuesto Predial:","1","0"," "," "," "," ","Pregunta 43a: Sólo permite una respuesta,  SÍ  o  NO .<br>Pregunta 43b: Sólo permite una respuesta,  SÍ  o  NO .<br>Pregunta 43c: Sólo permite una respuesta,  SÍ  o  NO .<br>Pregunta 43d: Sólo permite una respuesta,  SÍ  o  NO . Campo adicional se activa sólo si la respuesta a la pregunta 43d es  SÍ .","A"
"2022","1","5","82","81","043001","43a. Cajas (ventanillas de pago) de la municipalidad","1","4"," "," "," "," "," ","A"
"2022","1","5","83","81","043002","43b. Bancos","1","4"," "," "," "," "," ","A"
"2022","1","5","84","81","043003","43c. Internet","1","4"," "," "," "," "," ","A"
"2022","1","5","85","81","043004","43d. Otro","1","4"," "," "," "," "," ","A"
"2022","1","5","86","85","043004001","43d.1. Indicar otro canal:","0","2","S"," "," ","<Ingresar texto>"," ","A"
"2023","2","1","65","64","028001","28a. Nueva fecha de vencimiento","0","3","S","02/01/2023","31/12/2023","<Seleccionar fecha>"," ","A"
"2023","2","1","66","64","028002","28b. Norma legal que aprueba la prórroga:","0","7","S"," "," "," "," ","A"
"2023","2","1","67","66","028002001","a) Ordenanza","1","0"," "," "," "," "," ","A"
"2023","2","1","68","66","028002002","b) Resolución de Alcaldía","1","0"," "," "," "," "," ","A"
"2023","2","1","69","66","028002003","c) Otra","1","0"," "," "," "," "," ","A"
"2023","2","1","70","64","028003","28c. Nº de norma legal que aprueba la prórroga:","0","2","S"," "," ","<Ingresar texto>","Es un campo alfanumérico.  Por ejemplo: 120-2023-MUNIABC","A"
"2023","2","1","71","64","028004","28d. Fecha de publicación de norma legal que aprueba la prórroga:","0","3","S","02/01/2023","30/06/2023","<Seleccionar fecha>"," ","A"
"2023","2","2","72","0","029","29. Número de contribuyentes que presentaron declaración jurada de Impuesto Predial por primera vez en el primer semestre del año 2023:","1","1"," ","0","999999999","<Ingresar cantidad>","29: El rango permitido es de 0 a 999 999 999.","A"
"2023","2","2","73","0","030","30. Número de contribuyentes que presentaron declaración jurada rectificatoria de Impuesto Predial del año 2023: ","1","1"," ","0","999999999","<Ingresar cantidad>","30: El rango permitido es de 0 a 999 999 999.","A"
"2023","2","2","74","0","031","31. La municipalidad identifica las inconsistencias generadas durante el proceso de registro de la declaración jurada:","1","4"," "," "," "," ","Pregunta 31:  Sólo permite una respuesta,  SÍ  o  NO .","A"
"2023","2","2","75","0","032","32. La municipalidad hizo depuración de datos de las declaraciones juradas antes de la emisión masiva del Impuesto Predial 2023:","1","4"," "," "," "," ","Pregunta 32: Sólo permite una respuesta,  SÍ  o  NO .<br>Pregunta 32a: Este campo sólo se activa si la respuesta al campo 32 es  SÍ . 32a es un campo numérico. Usar separador de miles, rango permitido es de 0 a 999 999 999.","A"
"2023","2","2","76","75","032001","32a. Cantidad total de DJs  depuradas:","0","1","S","0","999999999","<Ingresar cantidad>"," ","A"
"2023","2","2","77","0","033","33. Cantidad de DJs prediales de la emisión masiva de Impuesto Predial 2023","1","1"," ","0","999999999","<Ingresar cantidad>","Pregunta 33: Es un campo numérico. Usar separador de miles. El rango permitido es de 0 a 999 999 999.","A"
"2023","2","2","78","0","034","34. Cual es el valor arancelario promedio para la determinación del impuesto predial 2023:","1","11"," ","0","999999999","<Ingresar monto>","Pregunta 34: Es un campo numérico de máximo dos decimales, rango permitido es de 0 a 999 999 999.00.","A"
"2023","2","2","79","0","035","35 En que porcentaje (%) creció el valor arancelario promedio para el impuesto predial 2023 respecto al 2022:","1","11"," ","0","999","<Ingresar porcentaje>"," ","A"
"2023","2","2","80","0","036","36. Producto de la fiscalización tributaria, la municipalidad ha generado deuda de Impuesto Predial por un monto (insoluto) de:","1","11"," ","0","999999999","<Ingresar monto>","Pregunta 36: Es un campo numérico de máximo dos decimales, rango permitido es de 0 a 999 999 999.","A"
"2023","2","2","81","0","037","37. Número de predios fiscalizados en el año 2022:","1","1"," ","0","999999999","<Ingresar cantidad>","Pregunta 37: Es un campo numérico, rango permitido es de 0 a 999 999 999.","A"
"2023","2","2","82","0","038","38. Número de predios fiscalizados en el presente año:","1","1"," ","0","999999999","<Ingresar cantidad>","Pregunta 38: Es un campo numérico, rango permitido es de 0 a 999 999 999.","A"
"2023","2","2","83","0","039","39. Número de contribuyentes fiscalizados en el año 2022:","1","1"," ","0","999999999","<Ingresar cantidad>","Pregunta 39: Es un campo numérico, rango permitido es de 0 a 999 999 999.","A"
"2023","2","2","84","0","040","40. Número de contribuyentes fiscalizados en el presente año:","1","1"," ","0","999999999","<Ingresar cantidad>","Pregunta 40: Es un campo numérico, rango permitido es de 0 a 999 999 999.","A"
"2023","2","2","85","0","041","41. Área detectada producto de la fiscalización (m2):","1","0"," "," "," "," ","Pregunta 41a: Es un campo numérico de máximo dos decimales, rango permitido es de 0 a 999 999 999.<br>Pregunta 41b: Es un campo numérico de máximo dos decimales, rango permitido es de 0 a 999 999 999.","A"
"2023","2","2","86","85","041001","41a. Terreno","1","11"," ","0","999999999","<Consignar área en m2>"," ","A"
"2023","2","2","87","85","041002","41b. Construcciones","1","11"," ","0","999999999","<Consignar área en m2>"," ","A"
"2023","2","2","88","0","042","42. Indique el tipo de fiscalización que ha realizado colocando la cantidad de predios en cada campo:","1","5"," "," "," "," ","Pregunta 42a: Es un campo numérico de máximo dos decimales, rango permitido es de 0 a 999 999 999.<br>Pregunta 42b: Es un campo numérico de máximo dos decimales, rango permitido es de 0 a 999 999 999.","A"
"2023","2","2","89","88","042001","42a. Omisión","1","1"," ","0","999999999","<Ingresar cantidad>"," ","A"
"2023","2","2","90","88","042002","42b. Subvaluador","1","1"," ","0","999999999","<Ingresar cantidad>"," ","A"
"2023","2","2","91","0","043","43. Seleccione el método por el cual lleva a cabo los procesos de fiscalización:<br><small>(Según el organigrama vigente de la municipalidad)<small>","1","7"," "," "," "," ","Pregunta 43: Se debe mostrar un combo para elegir solo uno de los siguientes valores:<br>43a. De forma presencial<br>43b. Documentaria (base de datos)<br>43c. Medios digitales (Plataformas virtuales)<br>43d. Otra diferente a los anteriores<br>43 a y 43b<br>43 a y 43c<br>43b y 43c<br>Todas (43a 43b y 43c)<br>Si se elige opción 43d el sistema debe mostrar campo: 43.1 Indicar otro método.","A"
"2023","2","2","92","91","043001","43a. De forma presencial","1","0"," "," "," "," "," ","A"
"2023","2","2","93","91","043002","43b. Documentaria (base de datos)","1","0"," "," "," "," "," ","A"
"2023","2","2","94","91","043003","43c. Medios digitales (Plataformas virtuales)","1","0"," "," "," "," "," ","A"
"2023","2","2","95","91","043004","43d. Otra diferente a los anteriores","1","0"," "," "," "," "," ","A"
"2023","2","2","96","91","043005","43a y 43b.","1","0"," "," "," "," "," ","A"
"2023","2","2","97","91","043006","43a y 43c.","1","0"," "," "," "," "," ","A"
"2023","2","2","98","91","043007","43b y 43c.","1","0"," "," "," "," "," ","A"
"2023","2","2","99","91","043008","Todas (43a, 43b y 43c).","1","0"," "," "," "," "," ","A"
"2023","2","2","100","91","043009","43.1. Indicar otro método:","0","2","95"," "," ","<Ingresar texto>"," ","A"
"2023","2","3","101","0","044","44. La municipalidad emitió las cuponeras o cartillas de liquidación del Impuesto Predial 2023:","1","4"," "," "," "," ","Pregunta 44: Sólo permite una respuesta,  SÍ  o  NO .<br>Pregunta 44a: Se activa sólo si la respuesta a la pregunta 44 es  SÍ .  44a es un campo de fecha, por lo que requiere un tablero de fecha del del 02/01/2023 al 30/06/2023.Pregunta 44b: Se activa sólo si la respuesta a la pregunta 44 es  SÍ .  44b es un campo de fecha, por lo que requiere un tablero de fecha del 02/01/2023 al 30/06/2023.44b1  EN PROCESO  es un campo para contestar  SÍ  o  NO .  Es obligatorio si la respuesta al campo 37 es  SÍ .","A"
"2023","2","1","1","0","001","1. Ubicación Jerárquica de la Administración Tributaria Municipal:<br><small>(Según el organigrama vigente de la municipalidad)<small>","1","7"," "," "," "," ","Pregunta 1: Debe permitir desplegar las siguientes opciones: a) Organismo público; b) Gerencia; c) Subgerencia; d) Unidad; e) Oficina; f) Otro; g) No tiene ATM.  Si la respuesta es  Otro , debe permitir registrar el nivel en un campo adyacente.","A"
"2023","2","1","2","1","001001","a) Organismo público","1","0"," "," "," "," "," ","A"
"2023","2","1","3","1","001002","b) Gerencia","1","0"," "," "," "," "," ","A"
"2023","2","1","4","1","001003","c) Subgerencia","1","0"," "," "," "," "," ","A"
"2023","2","1","5","1","001004","d) Unidad","1","0"," "," "," "," "," ","A"
"2023","2","1","6","1","001005","e) Oficina","1","0"," "," "," "," "," ","A"
"2023","2","1","7","1","001006","f) Otro","1","0"," "," "," "," "," ","A"
"2023","2","1","8","1","001007","g) No tiene ATM","1","0"," "," "," "," "," ","A"
"2023","2","1","9","1","001008","1.1. Indicar otra ubicación jerárquica:","0","2","7"," "," ","<Ingresar texto>"," ","A"
"2023","2","1","10","0","002","2. Denominación de la Administración Tributaria Municipal:<br><small>(Según el organigrama vigente de la municipalidad)</small>","1","2"," "," "," ","<Ingresar texto>","Pregunta 2: Si la respuesta a la pregunta 1 es  a , debe permitir registrar el nombre de la Administración Tributaria Municipal. Ejemplo:  Servicio de Administración Tributaria de Lima <br>Si la respuesta a la pregunta 1 es de la  b  a la  g , debe permitir registrar el nombre del área o unidad orgánica que hace las veces de la ATM.  Ejemplo:  Gerencia de Rentas ","A"
"2023","2","1","11","1","003","3. Número total de personas que laboran y/o prestan servicios en exclusividad para la Administración Tributaria Municipal al cierre de mayo del 2023:<br><small>(Incluir todas las modalidades de contratación.)</small>","0","1","8","0","999999999","<Ingresar cantidad>","Pregunta 3: Campo numérico. Cero es un valor permitido. Si la respuesta a la pregunta 1 es  g , se debe desactivar este campo.<br> Se debe considerar a los regímenes DLeg 276, DLeg 728, CAS y locación de servicios .","A"
"2023","2","1","12","0","004","4. Existe un área o unidad orgánica a cargo de la ejecución coactiva:","1","4"," "," "," "," ","Pregunta 4: Sólo permite una respuesta,  SÍ  o  NO .","A"
"2023","2","1","13","12","005","5. El área o unidad orgánica de ejecución coactiva depende de la Administración Tributaria Municipal:","0","4","S"," "," "," ","Pregunta 5: Se activa si la respuesta a la pregunta 4 es  SÍ . Sólo permite una respuesta,  SÍ  o  NO .","A"
"2023","2","1","14","12","006","6. Número total de personas que laboran y/o prestan servicios en exclusividad en el área o unidad orgánica de ejecucion coactiva al cierre de mayo del 2023.<br><small>(Incluir todas las modalidades de contratación.)</small>","0","1","S","0","999999999","<Ingresar cantidad>","Pregunta 6: Se activa sólo si la respuesta a la pregunta 4 es  SÍ . Campo numérico. Cero es un valor permitido.<br>Considerar que el número a registrar no puede ser mayor que el registrado en la pregunta 3.<br> Se debe considerar a los regímenes DLeg 276, DLeg 728, CAS y locación de servicios .","A"
"2023","2","1","15","0","007","7. Según el organigrama vigente, la municipalidad cuenta con un área o unidad orgánica encargada del catastro urbano del distrito:","1","4"," "," "," "," ","Pregunta 7: Sólo permite una respuesta,  SÍ  o  NO .<br>Pregunta 7a: Se activa sólo si la respuesta a la pregunta 7 es  SÍ . 7a es un campo para el registro de palabras.  Por ejemplo:  Gerencia de Desarrollo Urbano .<br>Pregunta 7b: Se activa sólo si la respuesta a la pregunta 7 es  SÍ . 7b sólo permite una respuesta,  SÍ  o  NO .","A"
"2023","2","1","16","15","007001","7a. Nombre del área o unidad orgánica encargada del catastro urbano:","0","2","S"," "," ","<Ingresar texto>"," ","A"
"2023","2","1","17","15","007002","7b. La ATM trabaja en coordinación con el área de catastro de la municipalidad:","0","4","S"," "," "," "," ","A"
"2023","2","1","18","15","008","8. Número total de personas que laboran y/o prestan servicios en el área o unidad orgánica encargada del catastro urbano del distrito al cierre de mayo del 2023:<br><small>(Incluir todas las modalidades de contratación.)</small>","0","1","S","0","999999999","<Ingresar cantidad>","Pregunta 8: Campo numérico. Cero es un valor permitido. Si la respuesta a la pregunta 7 es  NO , se debe desactivar este campo.<br> Se debe considerar a los regímenes DLeg 276, DLeg 728, CAS y locación de servicios .","A"
"2023","2","1","19","0","009","9. La municipalidad aprobó el Plan de Desarrollo Catastral 2023:","1","4"," "," "," "," ","Pregunta 9: Sólo permite una respuesta,  SÍ  o  NO .<br>Campo adicional sólo se activa si la respuesta a la pregunta 9 es  SÍ .  Debe mostrar un tablero de fechas del 01/01/2020 al 30/06/2023.","A"
"2023","2","1","20","19","009001","9.1. Indique la fecha:","0","3","S","01/01/2020","30/06/2023","<Seleccionar fecha>"," ","A"
"2023","2","1","21","0","010","10. La municipalidad utiliza la información del catastro distrital en la gestión del Impuesto Predial durante el presente año:","1","4"," "," "," "," ","Pregunta 10: Sólo permite una respuesta,  SÍ  o  NO .","A"
"2023","2","1","22","0","011","11. La municipalidad utiliza un indicador de morosidad (%) de la recaudación del Impuesto Predial durante el presente año:","1","4"," "," "," "," ","Pregunta 11: Sólo permite una respuesta,  SÍ  o  NO .<br>Campo adicional se activa sólo si la respuesta a la pregunta 11 es  SÍ . La morosidad máxima permitida es 100%.<br> En campo adicional se debe registrar la morosidad del Impuesto Predial corriente al 30/06/2023.Si la emisión del Impuesto Predial corriente es igual a 0, se debe registrar morosidad 0% .","A"
"2023","2","1","23","22","011001","11.1. Indique Porcentaje al cierre del año 2022:","0","11","S","0","100","<Ingresar porcentaje>"," ","A"
"2023","2","1","24","0","012","12. La municipalidad cuenta con el número de valores tributarios (OP, RD, y/o RM) emitidos durante el presente año:","1","4"," "," "," "," ","Pregunta 12: Sólo permite una respuesta,  SÍ  o  NO .<br>Se apertura dos campos adicionales, estas se activan sólo si la respuesta a la pregunta 12 es  SÍ .  Rango permitido es de 0 a 999 999 999.","A"
"2023","2","1","25","24","012001","12.1. Indicar cantidad del año 2022:","0","1","S","0","999999999","<Ingresar cantidad>"," ","A"
"2023","2","1","26","24","012002","12.2. Indicar cantidad del presente año:","0","1","S","0","999999999","<Ingresar cantidad>"," ","A"
"2023","2","1","27","0","013","13. Cuenta con el Monto total de insoluto de Impuesto Predial contenido en valores tributarios (OP y RD) emitidos para el presente año:","1","4"," "," "," "," ","Pregunta 13: Sólo permite una respuesta,  SÍ  o  NO .<br>.Se apertura dos Campos adicionales, estas se activan sólo si la respuesta a la pregunta 13 es  SÍ . Se debe usar separadores de miles.  Cero  es un valor permitido. El rango permitido es de 0 a 999 999 999.00.","A"
"2023","2","1","28","27","013001","13.1. Indicar el monto (S/) emitido en el año 2022:","0","1","S","0","999999999","<Ingresar monto>"," ","A"
"2023","2","1","29","27","013002","13.2. Indicar el monto (S/) emitido en el presente año:","0","1","S","0","999999999","<Ingresar monto>"," ","A"
"2023","2","1","30","0","014","14. La municipalidad utiliza un indicador de número de valores tributarios (OP, RD, y/o RM) notificados:","1","4"," "," "," "," ","Pregunta 14: Sólo permite una respuesta,  SÍ  o  NO .<br>Se apertura dos campos adicionales, estas se activan sólo si la respuesta a la pregunta 14 es  SÍ .  Rango permitido es de 0 a 999 999 999.","A"
"2023","2","1","31","30","014001","14.1. Indicar la cantidad notificada en el año 2022:","0","1","S","0","999999999","<Ingresar cantidad>"," ","A"
"2023","2","1","32","30","014002","14.2. Indicar la cantidad notificada en el presente año:","0","1","S","0","999999999","<Ingresar cantidad>"," ","A"
"2023","2","1","33","0","015","15. La municipalidad cuenta con el monto total de insoluto de Impuesto Predial contenido en valores tributarios (OP y RD) notificados:","1","4"," "," "," "," ","Pregunta 15: Sólo permite una respuesta,  SÍ  o  NO .<br>Se apertura dos Campos adicionales, estas se activan sólo si la respuesta a la pregunta 15 es  SÍ .  Este habilitado campo numérico,  Cero  es un valor permitido. Rango permitido es de 0 a 999 999 999.","A"
"2023","2","1","34","33","015001","15.1. En el año 2022:","0","1","S","0","999999999","<Ingresar monto>"," ","A"
"2023","2","1","35","33","015002","15.2. En el presente año:","0","1","S","0","999999999","<Ingresar monto>"," ","A"
"2023","2","1","36","0","016","16. La municipalidad utiliza un indicador de número de convenios de fraccionamiento aprobados (emitidos):","1","4"," "," "," "," ","Pregunta 16: Sólo permite una respuesta,  SÍ  o  NO .<br>Se apertura dos Campos adicionales, estas se activan sólo si la respuesta a la pregunta 16 es  SÍ .  Rango permitido es de 0 a 999 999 999.","A"
"2023","2","1","37","36","016001","16.1. Ingresar indicador de número de convenios en el año 2022:","0","1","S","0","999999999","<Ingresar cantidad>"," ","A"
"2023","2","1","38","36","016002","16.2. Ingresar indicador de número de convenios en el presente año:","0","1","S","0","999999999","<Ingresar cantidad>"," ","A"
"2023","2","1","39","0","017","17. La municipalidad utiliza un indicador de número de convenios de fraccionamiento cancelados por pago total:","1","4"," "," "," "," ","Pregunta 17: Sólo permite una respuesta,  SÍ  o  NO .<br>Se apertura dos campos adicionales, estas se activan sólo si la respuesta a la pregunta 17 es  SÍ .  El rango permitido es de 0 a 999 999 999.","A"
"2023","2","1","40","39","017001","17.1. Indicar número de convenios en el año 2022:","0","1","S","0","999999999","<Ingresar cantidad>"," ","A"
"2023","2","1","41","39","017002","17.2. Ingresar número de convenios en el presente año:","0","1","S","0","999999999","<Ingresar cantidad>"," ","A"
"2023","2","1","42","0","018","18. La municipalidad aprobó algún beneficio tributario o amnistía por deuda de Impuesto Predial en el año 2023:","1","4"," "," "," "," ","Pregunta 18: Sólo permite una respuesta,  SÍ  o  NO .<br>Pregunta 18a: Se activa sólo si la respuesta a la pregunta 18 es  SÍ .<br>Pregunta 18b: Se activa sólo si la respuesta a la pregunta 18 es  SÍ .<br>Pregunta 18c: Se activa sólo si la respuesta a la pregunta 18 es  SÍ .<br>","A"
"2023","2","1","43","42","018001","18a. Norma legal que aprueba el beneficio tributario o amnistía:","0","7","S"," "," "," "," ","A"
"2023","2","1","44","43","018001001","a) Ordenanza","1","0"," "," "," "," "," ","A"
"2023","2","1","45","43","018001002","b) Resolución de Alcaldía","1","0"," "," "," "," "," ","A"
"2023","2","1","46","43","018001003","c) Otro","1","0"," "," "," "," "," ","A"
"2023","2","1","47","42","018002","18b. Nº de norma legal:","0","2","S"," "," ","<Ingresar texto>","Es un campo alfanumérico.  Por ejemplo: 120-2022-MUNIABC.","A"
"2023","2","1","48","42","018003","18c. Fecha de publicación de norma legal:","0","3","S","02/01/2023","30/06/2023","<Seleccionar fecha>"," ","A"
"2023","2","1","49","0","019","19. La municipalidad difunde información o mensajes alusivos al destino de la recaudación predial (en la cuponera o cartillas de liquidación del Impuesto Predial) y/o en su portal electrónico:","1","4"," "," "," "," ","Pregunta 19: Sólo permite una respuesta,  SÍ  o  NO .","A"
"2023","2","1","50","0","020","20. La municipalidad utiliza el 5% de la recaudación predial para financiar el desarrollo y mantenimiento del catastro y/o para reforzar las acciones orientadas a mejorar la gestión y recaudación predial, según lo dispuesto en el artículo 20 de la Ley de Tributación Municipal:","1","4"," "," "," "," ","Pregunta 20: Sólo permite una respuesta,  SÍ  o  NO .","A"
"2023","2","1","51","0","021","21. La municipalidad tiene aprobado un procedimiento de registro de predios:","1","4"," "," "," "," ","Pregunta 21: Sólo permite una respuesta,  SÍ  o  NO .","A"
"2023","2","1","52","0","022","22. La municipalidad tiene aprobado un procedimiento de registro de contribuyentes:","1","4"," "," "," "," ","Pregunta 22: Sólo permite una respuesta,  SÍ  o  NO .","A"
"2023","2","1","53","0","023","23. La municipalidad tiene aprobado un procedimiento de registro de declaración jurada del Impuesto Predial:","1","4"," "," "," "," ","Pregunta 23: Sólo permite una respuesta,  SÍ  o  NO .","A"
"2023","2","1","54","0","024","24. La municipalidad tiene aprobado un procedimiento de cálculo y determinación de la deuda tributaria predial:","1","4"," "," "," "," ","Pregunta 24: Sólo permite una respuesta,  SÍ  o  NO .","A"
"2023","2","1","55","0","025","25. La municipalidad tiene aprobado un procedimiento de fiscalización tributaria:","1","4"," "," "," "," ","Pregunta 25: Sólo permite una respuesta,  SÍ  o  NO .","A"
"2023","2","1","56","0","026","26. La municipalidad tiene un régimen de fraccionamiento de deudas que incluye el Impuesto Predial:","1","4"," "," "," "," ","Pregunta 26: Sólo permite una respuesta,  SÍ  o  NO .","A"
"2023","2","1","57","0","027","27. La municipalidad lleva el control de la determinación del Impuesto Predial mediante:<br><small>(Seleccionar sólo una alternativa)</small>","1","5"," "," "," "," ","Pregunta 27: Seleccionar solo una alternativa","A"
"2023","2","1","58","57","027001","27.1.  No tiene sistema informático.  (Sólo guarda la información de forma física.  Por ejemplo: En archivadores)","1","6"," "," "," "," "," ","A"
"2023","2","1","59","57","027002","27.2. Una base de datos en Excel","1","6"," "," "," "," "," ","A"
"2023","2","1","60","57","027003","27.3. Un sistema informático desarrollado por la misma municipalidad","1","6"," "," "," "," "," ","A"
"2023","2","1","61","57","027004","27.4. El Sistema de Recaudación Tributaria Municipal (SRTM) que el MEF brinda a las municipalidades","1","6"," "," "," "," "," ","A"
"2023","2","1","62","57","027005","27.5. Un sistema informático desarrollado por terceros","1","6"," "," "," "," "," ","A"
"2023","2","1","63","57","027006","27.6. Otra forma diferente de las anteriores","1","6"," "," "," "," "," ","A"
"2023","2","1","64","0","028","28. La municipalidad prorrogó la fecha de vencimiento de pago al contado o del pago de la primera cuota del Impuesto Predial 2023:","1","4"," "," "," "," ","Pregunta 28: Sólo permite una respuesta,  SÍ  o  NO .<br>Pregunta 28a: Se activa sólo si la respuesta a la pregunta 28 es  SÍ .<br>Si se realizó más de una prórroga en el primer semestre del año, considerar la última.<br>Pregunta 28b: Se activa sólo si la respuesta a la pregunta 28 es  SÍ .<br>Pregunta 28c: Se activa sólo si la respuesta a la pregunta 28 es  SÍ .<br>Pregunta 28d: Se activa sólo si la respuesta a la pregunta 28 es  SÍ .<br>","A"
"2024","2","1","29","28","013001","13.1. Indicar el monto (S/) emitido en el año 2023.","0","1","S","0","999999999","<Ingresar monto>"," ","A"
"2024","2","1","30","28","013002","13.2. Indicar el monto (S/) emitido en el presente año al cierre de junio 2024.","0","1","S","0","999999999","<Ingresar monto>"," ","A"
"2024","2","1","31","0","014","14. La municipalidad utiliza un indicador de número de valores tributarios (OP, RD, y/o RM) notificados para el presente año:","1","4"," "," "," "," ","Pregunta 14: Sólo permite una respuesta,  SÍ  o  NO .<br>Se apertura dos campos adicionales, estas se activan sólo si la respuesta a la pregunta 14 es  SÍ .  Rango permitido es de 0 a 999 999 999.","A"
"2024","2","1","32","31","014001","14.1. Indicar la cantidad notificada en el año 2023.","0","1","S","0","999999999","<Ingresar cantidad>"," ","A"
"2024","2","1","33","31","014002","14.2. Indicar la cantidad notificada en el presente año al cierre de junio 2024.","0","1","S","0","999999999","<Ingresar cantidad>"," ","A"
"2024","2","1","34","0","015","15. La municipalidad cuenta con el monto (S/) total de insoluto de Impuesto Predial contenido en valores tributarios (OP, RD y/o RM) notificados:","1","4"," "," "," "," ","Pregunta 15: Sólo permite una respuesta,  SÍ  o  NO .<br>Se apertura dos Campos adicionales, estas se activan sólo si la respuesta a la pregunta 15 es  SÍ .  Este habilitado campo numérico,  Cero  es un valor permitido. Rango permitido es de 0 a  999 999 999 999.","A"
"2024","2","1","35","34","015001","15.1. En el año 2023.","0","11","S","0","999999999999","<Ingresar monto>"," ","A"
"2024","2","1","36","34","015002","15.2. En el presente año al cierre de junio 2024.","0","11","S","0","999999999999","<Ingresar monto>"," ","A"
"2024","2","1","37","0","016","16. La municipalidad utiliza un indicador de número de convenios de fraccionamiento aprobados (emitidos):","1","4"," "," "," "," ","Pregunta 16: Sólo permite una respuesta,  SÍ  o  NO .<br>Se apertura dos Campos adicionales, estas se activan sólo si la respuesta a la pregunta 16 es  SÍ .  Rango permitido es de 0 a 999 999 999.","A"
"2024","2","1","38","37","016001","16.1. Ingresar indicador de número de fraccionamientos aprobados en el año 2023:","0","1","S","0","999999999","<Ingresar cantidad>"," ","A"
"2024","2","1","39","37","016002","16.2. Ingresar indicador de número de fraccionamientos aprobados en el presente año al cierre de junio 2024:","0","1","S","0","999999999","<Ingresar cantidad>"," ","A"
"2024","2","1","40","0","017","17. La municipalidad utiliza un indicador de número de convenios de fraccionamiento cancelados por pago total:","1","4"," "," "," "," ","Pregunta 17: Sólo permite una respuesta,  SÍ  o  NO .<br>Se apertura dos campos adicionales, estas se activan sólo si la respuesta a la pregunta 17 es  SÍ .  El rango permitido es de 0 a 999 999 999.","A"
"2024","2","1","41","40","017001","17.1. Ingresar número de fraccionamientos cancelados por pago total en el año 2023.","0","1","S","0","999999999","<Ingresar cantidad>"," ","A"
"2024","2","1","42","40","017002","17.2. Ingresar inúmero de fraccionamientos cancelados por pago total en el presente año al cierre de junio 2024.","0","1","S","0","999999999","<Ingresar cantidad>"," ","A"
"2024","2","1","43","0","018","18. La municipalidad aprobó algún beneficio tributario o amnistía por deuda de Impuesto Predial al cierre de junio del año 2024, para efectos de deuda del año 2024:","1","4"," "," "," "," ","Pregunta 18: Sólo permite una respuesta,  SÍ  o  NO .<br>Pregunta 18a: Se activa sólo si la respuesta a la pregunta 18 es  SÍ .<br>Pregunta 18b: Se activa sólo si la respuesta a la pregunta 18 es  SÍ .<br>Pregunta 18c: Se activa sólo si la respuesta a la pregunta 18 es  SÍ .<br>Debe mostrar un tablero de fechas del 01/01/2020 hasta una fecha antes del registro.","A"
"2024","2","1","44","43","018001","18a. Norma legal que aprueba el beneficio tributario o amnistía:","0","7","S"," "," "," "," ","A"
"2024","2","1","45","44","018001001","a) Ordenanza","1","0"," "," "," "," "," ","A"
"2024","2","1","46","44","018001002","b) Resolución de Alcaldía","1","0"," "," "," "," "," ","A"
"2024","2","1","47","44","018001003","c) Otro","1","0"," "," "," "," "," ","A"
"2024","2","1","48","43","018002","18b. Nº de norma legal:","0","2","S"," "," ","<Ingresar texto>","Es un campo alfanumérico.  Por ejemplo: 120-2018-MUNIABC.","A"
"2024","2","1","49","43","018003","18c. Fecha de publicación de norma legal:","0","3","S","01/01/2020","30/09/2024","<Seleccionar fecha>"," ","A"
"2024","2","1","50","0","019","19. La municipalidad difunde información o mensajes alusivos al destino de la recaudación predial (en la cuponera o cartillas de liquidación del Impuesto Predial) y/o en su portal electrónico:","1","4"," "," "," "," ","Pregunta 19: Sólo permite una respuesta,  SÍ  o  NO .","A"
"2024","2","1","51","0","020","20. La municipalidad utiliza el 5% de la recaudación predial para financiar el desarrollo y mantenimiento del catastro y/o para reforzar las acciones orientadas a mejorar la gestión y recaudación predial, según lo dispuesto en el artículo 20 de la Ley de Tributación Municipal:","1","4"," "," "," "," ","Pregunta 20: Sólo permite una respuesta,  SÍ  o  NO .","A"
"2024","2","1","52","0","021","21. La municipalidad tiene aprobado un procedimiento de registro de predios para el presente año:","1","4"," "," "," "," ","Pregunta 21: Sólo permite una respuesta,  SÍ  o  NO .","A"
"2024","2","1","53","0","022","22. La municipalidad tiene aprobado un procedimiento de registro de contribuyentes para el presente año:","1","4"," "," "," "," ","Pregunta 22: Sólo permite una respuesta,  SÍ  o  NO .","A"
"2024","2","1","54","0","023","23. La municipalidad tiene aprobado un procedimiento de registro de declaración jurada del Impuesto Predial para el presente año:","1","4"," "," "," "," ","Pregunta 23: Sólo permite una respuesta,  SÍ  o  NO .","A"
"2024","2","1","55","0","024","24. La municipalidad tiene aprobado un procedimiento de cálculo y determinación de la deuda tributaria predial para el presente año:","1","4"," "," "," "," ","Pregunta 24: Sólo permite una respuesta,  SÍ  o  NO .","A"
"2024","2","1","56","0","025","25. La municipalidad tiene aprobado un procedimiento de fiscalización tributaria para el presente año:","1","4"," "," "," "," ","Pregunta 25: Sólo permite una respuesta,  SÍ  o  NO .","A"
"2024","2","1","57","0","026","26. La municipalidad tiene un régimen de fraccionamiento de deudas que incluye el Impuesto Predial para el presente año:","1","4"," "," "," "," ","Pregunta 26: Sólo permite una respuesta,  SÍ  o  NO .","A"
"2024","2","1","58","0","027","27. La municipalidad lleva el control de la determinación del Impuesto Predial mediante:<br><small>(Seleccionar sólo una alternativa)</small>","1","5"," "," "," "," ","Pregunta 27: Seleccionar solo una alternativa","A"
"2024","2","1","59","58","027001","27.1.  No tiene sistema informático.  (Sólo guarda la información de forma física.  Por ejemplo: En archivadores)","1","6"," "," "," "," "," ","A"
"2024","2","1","60","58","027002","27.2. Una base de datos en Excel","1","6"," "," "," "," "," ","A"
"2024","2","1","61","58","027003","27.3. Un sistema informático desarrollado por la misma municipalidad","1","6"," "," "," "," "," ","A"
"2024","2","1","62","58","027004","27.4. El Sistema de Recaudación Tributaria Municipal (SRTM) que el MEF brinda a las municipalidades","1","6"," "," "," "," "," ","A"
"2023","2","3","102","101","044001","44a. Fecha de inicio de notificación<br><small>&nbsp;&nbsp;&nbsp;&nbsp;&nbsp;&nbsp;&nbsp;&nbsp;(En caso afirmativo a pregunta 44)</small>","0","3","S","02/01/2023","30/06/2023","<Seleccionar fecha>"," ","A"
"2023","2","3","103","101","044002","44b. Se ha concluido la Notificación?<br><small>&nbsp;&nbsp;&nbsp;&nbsp;&nbsp;&nbsp;&nbsp;&nbsp;(En caso afirmativo a pregunta 44)</small>","0","4","S"," "," "," "," ","A"
"2023","2","3","104","103","044002001","44b.1. Fecha de término de notificación<br><small>","0","3","S","02/01/2023","30/06/2023","<Seleccionar fecha>"," ","A"
"2023","2","3","105","0","045","45. La municipalidad verifica los resultados de la notificación de los valores tributarios (RD, OP):","1","4"," "," "," "," ","Pregunta 45: Sólo permite una respuesta,  SÍ  o  NO .<br>Pregunta 45a: Se activa sólo si la respuesta a la pregunta 45 es  SÍ . 45a es un campo numérico entero.<br>Pregunta 45b: Se activa sólo si la respuesta a la pregunta 45 es  SÍ . 45b es un campo numérico entero.<br>Pregunta 45c: Se activa sólo si la respuesta a la pregunta 45 es  SÍ . 45c es un campo numérico entero.","A"
"2023","2","3","106","105","045001","45a. Valores tributarios notificados con acuse de recibo (RD, OP):","0","1","S","0","999999999","<Ingresar cantidad>"," ","A"
"2023","2","3","107","105","045002","45b. Valores tributarios notificados con resultado  Se negó a recibir  (RD, OP):","0","1","S","0","999999999","<Ingresar cantidad>"," ","A"
"2023","2","3","108","105","045003","45c. Valores tributarios no notificados (RD, OP):","0","1","S","0","999999999","<Ingresar cantidad>"," ","A"
"2023","2","4","109","12","046","46. La municipalidad ha trasladado a Ejecución Coactiva la deuda por Impuesto Predial por un importe insoluto de:","0","11","S","0","999999999","<Ingresar monto>","Pregunta 46: La respuesta Es un campo numérico de máximo dos decimales, rango permitido es de 0 a 999 999 999","A"
"2023","2","4","110","0","047","47. La municipalidad segmenta la deuda por Impuesto Predial:","1","4"," "," "," "," ","Pregunta 47: Sólo permite una respuesta,  SÍ  o  NO .","A"
"2023","2","4","111","0","048","48. La municipalidad cuenta con una estrategia de cobranza de la deuda por Impuesto Predial:","1","4"," "," "," "," ","Pregunta 48: Sólo permite una respuesta,  SÍ  o  NO .","A"
"2023","2","5","112","0","049","49.  Canales a disposición del contribuyente para pagar el Impuesto Predial:","1","0"," "," "," "," "," Pregunta 49a: Sólo permite una respuesta,  SÍ  o  NO .<br> Pregunta 49b: Sólo permite una respuesta,  SÍ  o  NO .<br> Pregunta 49c: Sólo permite una respuesta,  SÍ  o  NO .<br> Pregunta 49d: Sólo permite una respuesta,  SÍ  o  NO .<br> Campo adicional se activa sólo si la respuesta a la pregunta 49d es  SÍ .","A"
"2023","2","5","113","112","049001","49a. Cajas (ventanillas de pago) de la municipalidad","1","4"," "," "," "," "," ","A"
"2023","2","5","114","112","049002","49b. Bancos","1","4"," "," "," "," "," ","A"
"2023","2","5","115","112","049003","49c. Internet","1","4"," "," "," "," "," ","A"
"2023","2","5","116","112","049004","49d. Otro","1","4"," "," "," "," "," ","A"
"2023","2","5","117","116","049004001","49d.1. Indicar otro canal:","0","2","S"," "," ","<Ingresar texto>"," ","A"
"2025","2","1","28","0","011","11. La municipalidad utiliza el 5% de la recaudación predial para financiar el desarrollo y mantenimiento del catastro y/o para reforzar las acciones orientadas a mejorar la gestión y recaudación predial, según lo dispuesto en el artículo 20 de la Ley de Tributación Municipal:","1","4"," "," "," "," ","Pregunta 11: Sólo permite una respuesta,  SÍ  o  NO .","A"
"2025","2","1","29","0","012","12. La municipalidad utiliza un indicador de morosidad (%) de la recaudación del Impuesto Predial durante el presente año:","1","4"," "," "," "," ","Pregunta 12: Sólo permite una respuesta,  SÍ  o  NO .<br>Campo adicional se activa sólo si la respuesta a la pregunta 12 es  SÍ . La morosidad máxima permitida es 100%, y en caso de decimales, se deben colocar 2 decimales. Ejem: xx.xx<br> En campo adicional se debe registrar la morosidad del Impuesto Predial corriente al 30/09/2024.Si la emisión del Impuesto Predial corriente es igual a 0, se debe registrar morosidad 0% .","A"
"2025","2","1","30","29","012001","12.1. Indique el porcentaje (%) al cierre del año 2024 para el impuesto predial corriente ordinaria:","0","11","S","0","100","<Ingresar porcentaje>"," ","A"
"2025","2","1","31","29","012002","12.2. Indique el porcentaje (%) al cierre del año 2024 para el impuesto predial no corriente ordinaria:","0","11","S","0","100","<Ingresar porcentaje>"," ","A"
"2025","2","1","32","0","013","13. La municipalidad cuenta con valores tributarios (Orden de Pago-OP, Resolución de Determinación-RD y/o Resolución de Multa-RM) emitidos durante el presente año:","1","4"," "," "," "," ","Pregunta 13: Sólo permite una respuesta,  SÍ  o  NO .<br>Se apertura dos campos adicionales, estas se activan sólo si la respuesta a la pregunta 13 es  SÍ .<br>Pregunta 13.1: Se debe usar separadores de miles. Rango permitido es de 1 a 999 999 999.<br> Pregunta 13.2:  Se debe usar separadores de miles. Rango permitido es de 1 a 999 999 999 999.<br>Pregunta 13.3:  Se debe usar separadores de miles. Rango permitido es de 1 a 999 999 999.<br>Pregunta 13.4:  Se debe usar separadores de miles. Rango permitido es de 1 a 999 999 999 999.","A"
"2025","2","1","33","32","013001","13.1. Indicar cantidad del año 2024:","0","1","S","0","999999999","<Ingresar cantidad>"," ","A"
"2025","2","1","34","32","013002","13.2. Indicar el monto (S/) insoluto contenido en los valores tributarios emitidos en el año 2024:","0","11","S","1","999999999999","<Ingresar monto>"," ","A"
"2025","2","1","35","32","013003","13.3. Indicar cantidad del presente año al cierre de junio 2025:","0","1","S","1","999999999","<Ingresar cantidad>"," ","A"
"2025","2","1","36","32","013004","13.4. Indicar el monto (S/) insoluto contenido en los valores tributarios emitidos en el presente año al cierre de junio 2025:","0","11","S","1","999999999999","<Ingresar monto>"," ","A"
"2025","2","1","37","32","014","14. La municipalidad cuenta con valores tributarios (OP, RD, y/o RM) notificados para el presente año:","0","4"," "," "," "," ","Pregunta 14: Sólo permite una respuesta,  SÍ  o  NO .<br>.Esta pregunta se habilita sólo si la respuesta a la pregunta 13 es  SI .<br>Se apertura campos adicionales, estas se activan sólo si la respuesta a la pregunta 14 es  SÍ . Se debe usar separadores de miles.<br>Pregunta 14.1: Se debe usar separadores de miles. Rango permitido es de 1 a 999 999 999. No debe permitir valores que sean menor que el valor registrado en la pregunta 13.1 <br> Pregunta 14.2: Se debe usar separadores de miles. Rango permitido es de 1 a 999 999 999 999. No debe permitir valores que sean menor que el valor registrado en la pregunta 13.2 <br>Pregunta 14.3: Se debe usar separadores de miles. Rango permitido es de 1 a 999 999 999. No debe permitir valores que sean menor que el valor registrado en la pregunta 13.3 <br>Pregunta 14.4: Se debe usar separadores de miles. Rango permitido es de 1 a 999 999 999 999. No debe permitir valores que sean menor que el valor registrado en la pregunta 13.4","A"
"2025","2","1","38","37","014001","14.1. Indicar la cantidad notificada en el año 2024:","0","1","S","1","999999999","<Ingresar cantidad>"," ","A"
"2025","2","1","39","37","014002","14.2. Indicar el monto (S/) insoluto contenido en los valores tributarios notificados en el año 2024:","0","11","S","1","999999999999","<Ingresar monto>"," ","A"
"2025","2","1","40","37","014003","14.3. Indicar la cantidad notificada en el presente año al cierre de junio 2025:","0","1","S","1","999999999","<Ingresar cantidad>"," ","A"
"2025","2","1","41","37","014004","14.4. Indicar el monto (S/) insoluto contenido en los valores tributarios notificados en el presente año al cierre de junio 2025:","0","11","S","1","999999999999","<Ingresar monto>"," ","A"
"2025","2","1","42","0","015","15. La municipalidad ha aprobado (emitido) convenios de fraccionamiento (por deuda corriente y/o de años anteriores) en el presente año:","1","4"," "," "," "," ","Pregunta 15: Sólo permite una respuesta,  SÍ  o  NO .<br>Se apertura dos campos adicionales, estas se activan sólo si la respuesta a la pregunta 15 es  SÍ .  Rango permitido es de 0 a 999 999 999.<br>Pregunta 15.1: Se debe usar separadores de miles. Rango permitido es de 1 a 999 999 999.<br> Pregunta 15.2: Se debe usar separadores de miles. Rango permitido es de 1 a 999 999 999.","A"
"2025","2","1","43","42","015001","15.1. Indicar la cantidad de fraccionamientos aprobados en el año 2024:","0","1","S","0","999999999","<Ingresar cantidad>"," ","A"
"2025","2","1","44","42","015002","15.2. Indicar la cantidad de fraccionamientos aprobados en el presente año al cierre de junio 2025:","0","1","S","0","999999999","<Ingresar cantidad>"," ","A"
"2025","2","1","45","42","016","16. La municipalidad cuenta con convenios de fraccionamiento cancelados por pago total (por deuda corriente y/o de años anteriores) en el presente año:","0","4"," "," "," "," ","Pregunta 16: Sólo permite una respuesta,  SÍ  o  NO .Esta pregunta se habilita sólo si la respuesta a la pregunta 15 es  SÍ <br>Se apertura dos Campos adicionales, estas se activan sólo si la respuesta a la pregunta 16 es  SÍ .<br>Pregunta 16.1: Se debe usar separadores de miles. Rango permitido es de 1 a 999 999 999.<br> Pregunta 16.2: Se debe usar separadores de miles. Rango permitido es de 1 a 999 999 999.","A"
"2025","2","1","46","45","016001","16.1. Ingresar número de fracccionamientos cancelados por pago total (por deuda corriente y/o de años anteriores) en el año 2024:","0","1","S","1","999999999","<Ingresar cantidad>"," ","A"
"2025","2","1","47","45","016002","16.2. Ingresar número de fraccionamientos cancelados por pago total (por deuda corriente y/o de años anteriores) en el presente año al cierre de junio 2025:","0","1","S","1","999999999","<Ingresar cantidad>"," ","A"
"2025","2","1","48","0","017","17. La municipalidad aprobó algún beneficio tributario o amnistía en el presente año, que involucre el pago de la deuda del presente año sobre el impuesto predial:","1","4"," "," "," "," ","Pregunta 17: Sólo permite una respuesta,  SÍ  o  NO .<br>Pregunta 17a: Se activa sólo si la respuesta a la pregunta 17 es  SÍ .<br>Pregunta 17b: Se activa sólo si la respuesta a la pregunta 17 es  SÍ .Es un campo de texto, tamaño de 200 caracteres<br>Pregunta 17c: Se activa sólo si la respuesta a la pregunta 17 es  SÍ .Debe mostrar un tablero de fechas del 01/01/2020 hasta el 31/12/2025.<br>Pregunta 17d: Se activa sólo si la respuesta a la pregunta 17 es  SÍ .Es un campo de texto, tamaño de 200 caracteres<br>","A"
"2025","2","1","49","48","017001","17a. Norma legal que aprueba el beneficio tributario o amnistía:","0","7","S"," "," "," "," ","A"
"2025","2","1","50","49","017001001","a) Ordenanza","1","0"," "," "," "," "," ","A"
"2025","2","1","51","49","017001002","b) Resolución de Alcaldía","1","0"," "," "," "," "," ","A"
"2025","2","1","52","49","017001003","c) Otro","1","0"," "," "," "," "," ","A"
"2025","2","1","53","48","017002","17b. Nº de norma legal:","0","2","S"," "," ","<Ingresar texto>","Es un campo alfanumérico.  Por ejemplo: 120-2017-MUNIABC.","A"
"2025","2","1","54","48","017003","17c. Fecha de publicación de norma legal:","0","3","S","01/01/2020","31/12/2025","<Seleccionar fecha>"," ","A"
"2025","2","1","55","48","017004","17d. Comente brevemente cuál fue el beneficio:","0","2","S"," "," ","<Ingresar texto>"," ","A"
"2025","2","1","56","0","018","18. La municipalidad cuenta con página web:","1","4"," "," "," "," ","Pregunta 18: Sólo permite una respuesta,  SÍ  o  NO .<br>Pregunta 18.1: Se activa sólo si la respuesta a la pregunta 18 es  SÍ . Permite ingresar hasta 200 caracteres.","A"
"2025","2","1","57","56","018001","18.1. Ingresar el enlace de la página web:","0","2","S"," "," ","<Ingresar texto>"," ","A"
"2025","2","1","58","0","019","19. La municipalidad difunde información o mensajes alusivos al destino de la recaudación predial (en la cuponera o cartillas de liquidación del Impuesto Predial) y/o en su portal electrónico:","1","4"," "," "," "," ","Pregunta 19: Sólo permite una respuesta,  SÍ  o  NO .","A"
"2025","2","1","59","0","020","20. La municipalidad tiene aprobado un procedimiento de registro de predios para el presente año:","1","4"," "," "," "," ","Pregunta 20: Sólo permite una respuesta,  SÍ  o  NO .","A"
"2025","2","1","60","0","021","21. La municipalidad tiene aprobado un procedimiento de registro de contribuyentes para el presente año:","1","4"," "," "," "," ","Pregunta 21: Sólo permite una respuesta,  SÍ  o  NO .","A"
"2025","2","1","61","0","022","22.La municipalidad tiene aprobado un procedimiento de registro de declaración jurada del Impuesto Predial para el presente año:","1","4"," "," "," "," ","Pregunta 22: Sólo permite una respuesta,  SÍ  o  NO .","A"
"2025","2","1","62","0","023","23. La municipalidad tiene aprobado un procedimiento de cálculo y determinación de la deuda tributaria predial para el presente año:","1","4"," "," "," "," ","Pregunta 23: Sólo permite una respuesta,  SÍ  o  NO .","A"
"2025","2","1","63","0","024","24. La municipalidad tiene aprobado un procedimiento de fiscalización tributaria para el presente año:","1","4"," "," "," "," ","Pregunta 24: Sólo permite una respuesta,  SÍ  o  NO .","A"
"2025","2","1","64","0","025","25. La municipalidad tiene un régimen de fraccionamiento de deudas que incluye el Impuesto Predial para el presente año:","1","4"," "," "," "," ","Pregunta 25: Sólo permite una respuesta,  SÍ  o  NO .","A"
"2025","2","1","65","0","026","26. La municipalidad lleva el control de la determinación del impuesto predial mediante:<br><small>(Seleccionar sólo una alternativa)</small>","1","5"," "," "," "," ","Pregunta 26: Seleccionar solo una alternativa","A"
"2025","2","1","66","65","026001","26.a.  No tiene sistema informático.  (Sólo guarda la información de forma física.  Por ejemplo: En archivadores)","1","6"," "," "," "," "," ","A"
"2025","2","1","67","65","026002","26.b. Una base de datos en Excel","1","6"," "," "," "," "," ","A"
"2025","2","1","68","65","026003","26.c. Un sistema informático desarrollado por la misma municipalidad","1","6"," "," "," "," "," ","A"
"2025","2","1","69","65","026004","26.d. El Sistema de Recaudación Tributaria Municipal (SRTM) que el MEF brinda a las municipalidades","1","6"," "," "," "," "," ","A"
"2025","2","1","70","65","026005","26.e. Un sistema informático desarrollado por terceros","1","6"," "," "," "," "," ","A"
"2025","2","1","71","65","026006","26.f. Otra forma diferente de las anteriores","1","6"," "," "," "," "," ","A"
"2024","2","1","63","58","027005","27.5. Un sistema informático desarrollado por terceros","1","6"," "," "," "," "," ","A"
"2024","2","1","64","58","027006","27.6. Otra forma diferente de las anteriores","1","6"," "," "," "," "," ","A"
"2024","2","1","65","0","028","28. La municipalidad prorrogó la fecha de vencimiento de pago al contado o del pago de la primera cuota del Impuesto Predial 2024:","1","4"," "," "," "," ","Pregunta 28: Sólo permite una respuesta,  SÍ  o  NO .<br>Pregunta 28a: Se activa sólo si la respuesta a la pregunta 28 es  SÍ .<br>Si se realizó más de una prórroga en el primer semestre del año, considerar la última.Debe mostrar un tablero de fechas del 01/01/2020 hasta una fecha antes del registro.<br>Pregunta 28b: Se activa sólo si la respuesta a la pregunta 28 es  SÍ .<br>Pregunta 28c: Se activa sólo si la respuesta a la pregunta 28 es  SÍ .<br>Pregunta 28d: Se activa sólo si la respuesta a la pregunta 28 es  SÍ .Debe mostrar un tablero de fechas del 01/01/2020 hasta una fecha antes del registro.<br>","A"
"2024","2","1","66","65","028001","28a. Nueva fecha de vencimiento","0","3","S","01/01/2020","30/09/2024","<Seleccionar fecha>"," ","A"
"2024","2","1","67","65","028002","28b. Norma legal que aprueba la prórroga:","0","7","S"," "," "," "," ","A"
"2024","2","1","68","67","028002001","a) Ordenanza","1","0"," "," "," "," "," ","A"
"2024","2","1","69","67","028002002","b) Resolución de Alcaldía","1","0"," "," "," "," "," ","A"
"2024","2","1","70","67","028002003","c) Otra","1","0"," "," "," "," "," ","A"
"2024","2","1","71","65","028003","28c. Nº de norma legal que aprueba la prórroga:","0","2","S"," "," ","<Ingresar texto>","Es un campo alfanumérico.  Por ejemplo: 120-2018-MUNIABC","A"
"2024","2","1","72","65","028004","28d. Fecha de publicación de norma legal que aprueba la prórroga:","0","3","S","01/01/2020","30/09/2024","<Seleccionar fecha>"," ","A"
"2024","2","1","73","0","029","29. Comente brevemente como se usa en su distrito, los recursos obtenidos de los clasificadores 1.1.2.1.11 y 1.1.2.1.12, correspondientes a la recaudación del Impuesto Predial.","1","2"," "," "," ","<Ingresar texto>","Pregunta 29: es un campo de texto, tamaño de 200 caracteres","A"
"2024","2","2","74","0","030","30. Número de contribuyentes que presentaron declaración jurada de Impuesto Predial por primera vez en el primer vencimiento del año 2024:","1","1"," ","0","999999999","<Ingresar cantidad>","30: El rango permitido es de 0 a 999 999 999.","A"
"2024","2","2","75","0","031","31. Número de contribuyentes que presentaron declaración jurada rectificatoria de Impuesto Predial del año 2024: ","1","1"," ","0","999999999","<Ingresar cantidad>","31: El rango permitido es de 0 a 999 999 999.","A"
"2024","2","2","76","0","032","32. La municipalidad identifica las inconsistencias generadas durante el proceso de registro de la declaración jurada:","1","4"," "," "," "," ","Pregunta 32:  Sólo permite una respuesta,  SÍ  o  NO .","A"
"2024","2","2","77","0","033","33. La municipalidad hizo verificación y corrección (depuración) de datos de las declaraciones juradas antes de la emisión masiva del Impuesto Predial 2024:","1","4"," "," "," "," ","Pregunta 33: Sólo permite una respuesta,  SÍ  o  NO .<br>Pregunta 33a: Este campo sólo se activa si la respuesta al campo 33 es  SÍ . 33a es un campo numérico. Usar separador de miles, rango permitido es de 0 a 999 999 999.","A"
"2024","2","2","78","77","033001","33a. Cantidad total de DJs  depuradas:","0","1","S","0","999999999","<Ingresar cantidad>"," ","A"
"2024","2","2","79","0","034","34. Cantidad de DJs prediales de la emisión masiva de Impuesto Predial 2024","1","1"," ","0","999999999","<Ingresar cantidad>","Pregunta 34: Es un campo numérico. Usar separador de miles. El rango permitido es de 0 a 999 999 999.","A"
"2024","2","2","80","0","035","35. Para la determinación del impuesto predial 2024, realizó la actualización de los valores arancelarios considerando los planos arancelarios aprobados mediante la R.M. Nº 369-2023-EF/15:","1","4"," "," "," "," ","Pregunta 35: Sólo permite una respuesta,  SÍ  o  NO .<br>Se apertura dos Campos adicionales, estas se activan sólo si la respuesta a la pregunta 35 es  SÍ .35.1. y 35.2. Es un campo numérico de máximo dos decimales, rango permitido es de 0 a 999 999 999., y en caso de decimales, se deben colocar 2 decimales. Ejem: xx.xx","A"
"2024","2","2","81","80","035001","35.1. Cuál es el valor arancelario promedio de terrenos urbanos para la determinación del impuesto predial 2024.","0","11","S","0","999999999","<Ingresar cantidad>"," ","A"
"2024","2","2","82","80","035002","35.2. Cuál es el valor arancelario promedio de terrenos rústicos para la determinación del impuesto predial 2024.","0","11","S","0","999999999","<Ingresar cantidad>"," ","A"
"2024","2","2","83","0","036","36. En que porcentaje (%) creció el valor arancelario promedio para el impuesto predial 2024 respecto al 2023:","1","11"," ","0","999","<Ingresar porcentaje>","Pregunta 36: Es un campo numérico de máximo dos decimales, rango permitido es de 0 a 999, y en caso de decimales, se deben colocar 2 decimales. Ejem: xx.xx","A"
"2024","2","2","84","0","037","37. Producto de la fiscalización tributaria, la municipalidad ha generado deuda de Impuesto Predial (insoluto):","1","4"," "," "," "," ","Pregunta 37: Sólo permite una respuesta,  SÍ  o  NO .<br>Se apertura dos Campos adicionales, estas se activan sólo si la respuesta a la pregunta 37 es  SÍ ","A"
"2024","2","2","85","84","037001","37.1. Indique el monto insoluto en el año 2023:","0","11","S","0","999999999","<Ingresar cantidad>","Pregunta 37.1: Se activa sólo si la respuesta a la pregunta 37 es  SÍ , es un campo numérico, rango permitido es de 0 a 999 999 999, y en caso de decimales, se deben colocar 2 decimales. Ejem: xx.xx","A"
"2024","2","2","86","84","037002","37.2. Indique el monto insoluto al cierre de junio 2024:","0","11","S","0","999999999","<Ingresar cantidad>","Pregunta 37.2: Se activa sólo si la respuesta a la pregunta 37 es  SÍ , es un campo numérico, rango permitido es de 0 a 999 999 999, y en caso de decimales, se deben colocar 2 decimales. Ejem: xx.xx","A"
"2024","2","2","87","0","038","38. Número de predios fiscalizados en el año 2023:","1","1"," ","0","999999999","<Ingresar cantidad>","Pregunta 38: Es un campo numérico, rango permitido es de 0 a 999 999 999.","A"
"2024","2","2","88","0","039","39. Número de predios fiscalizados en el presente año al cierre de junio del año 2024:","1","1"," ","0","999999999","<Ingresar cantidad>","Pregunta 39: Es un campo numérico, rango permitido es de 0 a 999 999 999.","A"
"2024","2","2","89","0","040","40. Número de contribuyentes fiscalizados en el año 2023:","1","1"," ","0","999999999","<Ingresar cantidad>","Pregunta 40: Es un campo numérico, rango permitido es de 0 a 999 999 999.","A"
"2024","2","2","90","0","041","41. Número de contribuyentes fiscalizados en el presente año al cierre de junio del año 2024:","1","1"," ","0","999999999","<Ingresar cantidad>","Pregunta 41: Es un campo numérico, rango permitido es de 0 a 999 999 999.","A"
"2024","2","2","91","0","042","42. Áreas totales detectadas producto de la fiscalización (m2) en el año 2023: ","1","0"," "," "," "," ","Pregunta 42a: Es un campo numérico de máximo dos decimales, rango permitido es de 0 a 999 999 999, y en caso de decimales, se deben colocar 2 decimales. Ejem: xx.xx <br>Pregunta 42b: Es un campo numérico de máximo dos decimales, rango permitido es de 0 a 999 999 999<br>y en caso de decimales, se deben colocar 2 decimales. Ejem: xx.xx","A"
"2024","2","2","92","91","042001","42a. Áreas totales de Terreno detectadas (m2).","1","11"," ","0","999999999","<Consignar área en m2>"," ","A"
"2024","2","2","93","91","042002","42b. Áreas totales de Construcciones detectadas (m2).","1","11"," ","0","999999999","<Consignar área en m2>"," ","A"
"2024","2","2","94","0","043","43. Indique el tipo de fiscalización que ha realizado en el año 2023, colocando la cantidad de predios en cada campo:","1","5"," "," "," "," ","Pregunta 43a: Es un campo numérico de máximo dos decimales, rango permitido es de 0 a 999 999 999.<br>Pregunta 43b: Es un campo numérico de máximo dos decimales, rango permitido es de 0 a 999 999 999.","A"
"2024","2","2","95","94","043001","43a. Omisión.","1","1"," ","0","999999999","<Ingresar cantidad>"," ","A"
"2024","2","2","96","94","043002","43b. Subvaluador.","1","1"," ","0","999999999","<Ingresar cantidad>"," ","A"
"2024","2","2","97","0","044","44. Seleccione el método por el cual lleva a cabo los procesos de fiscalización en el año 2023:<br><small>(Según el organigrama vigente de la municipalidad)<small>","1","7"," "," "," "," ","Pregunta 44: Se debe mostrar un combo para elegir solo uno de los siguientes valores:<br>44a. De forma presencial<br>44b. Documentaria (base de datos)<br>44c. Medios digitales (Plataformas virtuales)<br>44d. Otra diferente a los anteriores<br>44 a y 44b<br>44 a y 44c<br>44b y 44c<br>Todas (44a 44b y 44c)<br>Si se elige opción 44d el sistema debe mostrar campo: 44.1 Indicar otro método.","A"
"2024","2","2","98","97","044001","44a. De forma presencial.","1","0"," "," "," "," "," ","A"
"2024","2","2","99","97","044002","44b. Documentaria (base de datos).","1","0"," "," "," "," "," ","A"
"2024","2","2","100","97","044003","44c. Medios digitales (Plataformas virtuales).","1","0"," "," "," "," "," ","A"
"2024","2","2","101","97","044004","44d. Otra diferente a los anteriores.","1","0"," "," "," "," "," ","A"
"2024","2","2","102","97","044005","44a y 44b.","1","0"," "," "," "," "," ","A"
"2024","2","2","103","97","044006","44a y 44c.","1","0"," "," "," "," "," ","A"
"2024","2","2","104","97","044007","44b y 44c.","1","0"," "," "," "," "," ","A"
"2024","2","2","105","97","044008","Todas (44a, 44b y 44c).","1","0"," "," "," "," "," ","A"
"2024","2","2","106","97","044009","44.1. Indicar otro método:","0","2","101"," "," ","<Ingresar texto>"," ","A"
"2024","2","3","107","0","045","45. La municipalidad emitió las cuponeras o cartillas de liquidación del Impuesto Predial 2024:","1","4"," "," "," "," ","Pregunta 45: Sólo permite una respuesta,  SÍ  o  NO .<br>Pregunta 45a: Se activa sólo si la respuesta a la pregunta 45 es  SÍ .  45a es un campo de fecha, por lo que requiere un tablero de fecha del 01/01/2020 al 30/09/2024.<br>Pregunta 45b: Se activa sólo si la respuesta a la pregunta 45 es  SÍ .  Sólo permite una respuesta  SÍ  o  NO .<br>45b1 es un campo de fecha, por lo que requiere un tablero de fecha del 01/01/2020 al 30/09/2024, y sólo se activa si en la pregunta 45b se marca  NO .","A"
"2024","2","3","108","107","045001","45a. Fecha de inicio de notificación.","0","3","S","01/01/2020","30/09/2024","<Seleccionar fecha>"," ","A"
"2024","2","3","109","107","045002","45b. En proceso.","0","4","S"," "," "," "," ","A"
"2024","2","3","110","109","045002001","45b.1. Fecha de término de notificación.","0","3","N","01/01/2020","30/09/2024","<Seleccionar fecha>"," ","A"
"2024","2","3","111","0","046","46. De la emisión de cuponeras o cartillas del año 2024, la municipalidad verifica los resultados de la notificación de los valores tributarios (RD, OP):","1","4"," "," "," "," ","Pregunta 46: Sólo permite una respuesta,  SÍ  o  NO .<br>Pregunta 46a: Se activa sólo si la respuesta a la pregunta 46 es  SÍ . 46a es un campo numérico entero.<br>Pregunta 46b: Se activa sólo si la respuesta a la pregunta 46 es  SÍ . 46b es un campo numérico entero.<br>Pregunta 46c: Se activa sólo si la respuesta a la pregunta 46 es  SÍ . 46c es un campo numérico entero.","A"
"2024","2","3","112","111","046001","46a. Valores tributarios notificados con acuse de recibo (RD, OP):","0","1","S","0","999999999","<Ingresar cantidad>"," ","A"
"2024","2","3","113","111","046002","46b. Valores tributarios notificados con resultado  Se negó a recibir  (RD, OP):","0","1","S","0","999999999","<Ingresar cantidad>"," ","A"
"2024","2","3","114","111","046003","46c. Valores tributarios no notificados (RD, OP):","0","1","S","0","999999999","<Ingresar cantidad>"," ","A"
"2024","2","4","115","12","047","47. En este año, la municipalidad ha trasladado a Ejecución Coactiva la deuda por Impuesto Predial por un importe insoluto de:","0","11","S","0","999999999","<Ingresar monto>","Pregunta 47: Se activa si la respuesta a la pregunta 4 es  SI . Se debe usar separadores de miles.  Cero  es un valor permitido.<br>El rango permitido es de 0 a 999 999 999.00, y en caso de decimales, se deben colocar 2 decimales. Ejem: xx.x","A"
"2024","2","4","116","0","048","48. En este año, la municipalidad ha segmentado la deuda por Impuesto Predial:","1","4"," "," "," "," ","Pregunta 48: Sólo permite una respuesta,  SÍ  o  NO .<br>Pregunta 48.1: Se activa sólo si la respuesta a la pregunta 48 es  SÍ . Pregunta 48.1: Sólo permite elegir marcar entre “SÍ  o  NO .<br>Pregunta 48.2: Se activa sólo si la respuesta a la pregunta 48 es  SÍ . Pregunta 48.2: Sólo permite elegir marcar entre “SÍ  o  NO .<br>Pregunta 48.3: Se activa sólo si la respuesta a la pregunta 48 es  SÍ . Pregunta 48.3: Sólo permite elegir marcar entre “SÍ  o  NO .","A"
"2024","2","4","117","116","048001","48.1. Por año de deuda.","0","4","S"," "," "," "," ","A"
"2024","2","4","118","116","048002","48.2. Por tipo de contribuyente.","0","4","S"," "," "," "," ","A"
"2024","2","4","119","116","048003","48.3. Por estado de la deuda (ordinaria / coactiva).","0","4","S"," "," "," "," ","A"
"2024","2","4","120","0","049","49. Este año, la municipalidad cuenta con una estrategia aprobada de cobranza de la deuda por Impuesto Predial para el presente año:","1","4"," "," "," "," ","Pregunta 49: Sólo permite una respuesta,  SÍ  o  NO .","A"
"2024","2","5","121","0","050","50.  Canales a disposición del contribuyente para pagar el Impuesto Predial para este año:","1","0"," "," "," "," "," Pregunta 50a: Sólo permite una respuesta,  SÍ  o  NO .<br> Pregunta 50b: Sólo permite una respuesta,  SÍ  o  NO .<br> Pregunta 50c: Sólo permite una respuesta,  SÍ  o  NO .<br> Pregunta 50d: Sólo permite una respuesta,  SÍ  o  NO .<br> Pregunta 50d.1: Campo adicional se activa sólo si la respuesta a la pregunta 50d es  SI .","A"
"2024","2","5","122","121","050001","50a. Cajas (ventanillas de pago) de la municipalidad.","1","4"," "," "," "," "," ","A"
"2024","2","5","123","121","050002","50b. Bancos.","1","4"," "," "," "," "," ","A"
"2024","2","5","124","121","050003","50c. Internet.","1","4"," "," "," "," "," ","A"
"2024","2","5","125","121","050004","50d. Otro.","1","4"," "," "," "," "," ","A"
"2024","2","5","126","125","05004001","50d.1. Indicar otro canal.","0","2","S"," "," ","<Ingresar texto>"," ","A"
"2025","2","1","1","0","001","1. Ubicación Jerárquica de la Administración Tributaria Municipal:<br><small>(Según el organigrama vigente de la municipalidad)<small>","1","7"," "," "," "," ","Pregunta 1: Debe permitir desplegar las siguientes opciones: a) Organismo público; b) Gerencia; c) Subgerencia; d) Unidad; e) Oficina; f) Otro; g) No tiene ATM.  Si la respuesta es  Otro , debe permitir registrar el nivel en un campo adyacente.","A"
"2025","2","1","2","1","001001","a) Organismo público","1","0"," "," "," "," "," ","A"
"2025","2","1","3","1","001002","b) Gerencia","1","0"," "," "," "," "," ","A"
"2025","2","1","4","1","001003","c) Subgerencia","1","0"," "," "," "," "," ","A"
"2025","2","1","5","1","001004","d) Unidad","1","0"," "," "," "," "," ","A"
"2025","2","1","6","1","001005","e) Oficina","1","0"," "," "," "," "," ","A"
"2025","2","1","7","1","001006","f) Otro","1","0"," "," "," "," "," ","A"
"2025","2","1","8","1","001007","g) No tiene ATM","1","0"," "," "," "," "," ","A"
"2025","2","1","9","1","001008","1.1. Indicar otra ubicación jerárquica:","0","2","7"," "," ","<Ingresar texto>"," ","A"
"2025","2","1","10","0","002","2. Denominación de la Administración Tributaria Municipal:<br><small>(Según el organigrama vigente de la municipalidad)</small>","1","2"," "," "," ","<Ingresar texto>","Pregunta 2: Considerando la respuesta a la pregunta 1, debe permitir registrar el nombre del área, gerencia o unidad orgánica que hace las veces de la ATM. Ejemplo:  Gerencia de Rentas ,  Servicio de Aministración Tributaria de Provincia X .","A"
"2025","2","1","11","1","003","3. Número total de personas que laboran y/o prestan servicios en exclusividad para la Administración Tributaria Municipal al cierre de junio del 2025:<br><small>(Incluir todas las modalidades de contratación.)</small>","0","1","8","0","999999999","<Ingresar cantidad>","Pregunta 3: Campo numérico. Cero es un valor permitido. Si la respuesta a la pregunta 1 es  g , se debe desactivar este campo.<br> Se debe considerar a los regímenes DLeg 266, DLeg 728, Servir, CAS y locación de servicios .","A"
"2025","2","1","12","1","003001","3.1. ¿A cuánto asciende el costo total al año del personal que labora en exclusividad en la ATM?:","0","11","8","1","999999999999","<Ingresar monto>"," ","A"
"2025","2","1","13","1","003002","3.2. ¿A cuánto asciende el presupuesto para el año 2025 con el que cuenta la municipalidad, para uso exclusivo de la ATM, ya sea para el personal y/u otros items?:","0","11","8","1","999999999999","<Ingresar monto>"," ","A"
"2025","2","1","14","0","004","4. ¿Existe un área o unidad orgánica a cargo de la ejecución coactiva en la municipalidad?:","1","4"," "," "," "," ","Pregunta 4: Sólo permite una respuesta,  SÍ  o  NO .","A"
"2025","2","1","15","14","005","5. El área o unidad orgánica de ejecución coactiva depende de la Administración Tributaria Municipal:","0","4","S"," "," "," ","Pregunta 5: Se activa si la respuesta a la pregunta 4 es  SÍ . Sólo permite una respuesta,  SÍ  o  NO .","A"
"2025","2","1","16","14","006","6. Número total de personas que laboran y/o prestan servicios en exclusividad en el área o unidad orgánica de ejecucion coactiva al cierre de junio del 2025.<br><small>(Incluir todas las modalidades de contratación.)</small>","0","1","S","0","999999999","<Ingresar cantidad>","Pregunta 6: Se activa sólo si la respuesta a la pregunta 4 es  SÍ . Campo numérico. Cero es un valor permitido.<br>Considerar que el número a registrar no puede ser mayor que el registrado en la pregunta 3.<br> Se debe considerar a los regímenes DLeg 276, DLeg 728, SERVIR, CAS y locación de servicios .<br>Pregunta 6.1:Se debe usar separadores de miles. Rango permitido es de 1 a 999 999 999 999.","A"
"2025","2","1","17","14","006001","6.1. ¿A cuánto asciende el costo total al año de este personal que labora en exclusividad en el área o unidad orgánica de ejecución coactiva?:","0","11","S","1","999999999999","<Ingresar monto>"," ","A"
"2025","2","1","18","0","007","7. Según el organigrama vigente, la municipalidad cuenta con un área o unidad orgánica encargada del catastro urbano del distrito:","1","4"," "," "," "," ","Pregunta 7: Sólo permite una respuesta,  SÍ  o  NO .<br>Pregunta 7a: Se activa sólo si la respuesta a la pregunta 7 es  SÍ . 7a es un campo para el registro de palabras.  Por ejemplo:  Gerencia de Desarrollo Urbano .<br>Pregunta 7b: Se activa sólo si la respuesta a la pregunta 7 es  SÍ . 7b sólo permite una respuesta,  SÍ  o  NO .","A"
"2025","2","1","19","18","007001","7a. Nombre del área o unidad orgánica encargada del catastro urbano:","0","2","S"," "," ","<Ingresar texto>"," ","A"
"2025","2","1","20","18","007002","7b. La ATM trabaja en coordinación con el área de catastro de la municipalidad:","0","4","S"," "," "," "," ","A"
"2025","2","1","21","18","008","8. Número total de personas que laboran y/o prestan servicios en el área o unidad orgánica encargada del catastro urbano del distrito al cierre de junio del 2025:<br><small>(Incluir todas las modalidades de contratación.)</small>","0","1","S","0","999999999","<Ingresar cantidad>","Pregunta 8: Campo numérico. Cero es un valor permitido. Si la respuesta a la pregunta 7 es  NO , se debe desactivar este campo.<br>	 Se debe considerar a los regímenes DLeg 276, DLeg 728, Servir, CAS y locación de servicios .<br>Pregunta 8.1:Se debe usar separadores de miles. Rango permitido es de 1 a 999 999 999 999.","A"
"2025","2","1","22","18","008001","8.1. ¿A cuánto asciende el costo total al año de este personal que labora en exclusividad en el área o unidad orgánica encargada del catastro urbano?:","0","11","S","1","999999999999","<Ingresar monto>"," ","A"
"2025","2","1","23","0","009","9. La municipalidad aprobó el Plan de Desarrollo Catastral que tiene vigencia para en el año 2025:","1","4"," "," "," "," ","Pregunta 9: Sólo permite una respuesta,  SÍ  o  NO .<br>Pregunta 9.1:Campo adicional sólo se activa si la respuesta a la pregunta 9 es  SÍ . Debe mostrar un tablero de fechas del 01/01/2020 hasta una fecha antes del registro.<br>Pregunta 9.2:Campo adicional sólo se activa si la respuesta a la pregunta 9 es  SÍ . Debe mostrar un tablero de fechas del 01/01/2020 hasta una fecha antes del registro.<br>Pregunta 9.3: Se activa sólo si la respuesta a la pregunta 9 es  SÍ . Permite ingresar hasta 200 caracteres.","A"
"2025","2","1","24","23","009001","9.1. Indique la fecha:","0","3","S","01/01/2020","31/12/2025","<Seleccionar fecha aprobación>"," ","A"
"2025","2","1","25","23","009002","9.2. ¿Cuándo fue la última vez que actualizaron la información del Catastro?. Indique la fecha:","0","3","S","01/01/2020","31/12/2025","<Seleccionar fecha>"," ","A"
"2025","2","1","26","23","009003","9.3.  ¿La municipalidad cuenta con información de la cartografía (representación gráfica del polígono del lote) o del catastro (edificaciones y/o suelo)? Comente brevemente:","0","2","S"," "," ","<Ingresar texto>"," ","A"
"2025","2","1","27","0","010","10. La municipalidad utiliza la información del catastro distrital en la gestión del impuesto predial durante el presente año:","1","4"," "," "," "," ","Pregunta 10: Sólo permite una respuesta,  SÍ  o  NO .","A"
"2024","2","1","1","0","001","1. Ubicación Jerárquica de la Administración Tributaria Municipal:<br><small>(Según el organigrama vigente de la municipalidad)<small>","1","7"," "," "," "," ","Pregunta 1: Debe permitir desplegar las siguientes opciones: a) Organismo público; b) Gerencia; c) Subgerencia; d) Unidad; e) Oficina; f) Otro; g) No tiene ATM.  Si la respuesta es  Otro , debe permitir registrar el nivel en un campo adyacente.","A"
"2024","2","1","2","1","001001","a) Organismo público","1","0"," "," "," "," "," ","A"
"2024","2","1","3","1","001002","b) Gerencia","1","0"," "," "," "," "," ","A"
"2024","2","1","4","1","001003","c) Subgerencia","1","0"," "," "," "," "," ","A"
"2024","2","1","5","1","001004","d) Unidad","1","0"," "," "," "," "," ","A"
"2024","2","1","6","1","001005","e) Oficina","1","0"," "," "," "," "," ","A"
"2024","2","1","7","1","001006","f) Otro","1","0"," "," "," "," "," ","A"
"2024","2","1","8","1","001007","g) No tiene ATM","1","0"," "," "," "," "," ","A"
"2024","2","1","9","1","001008","1.1. Indicar otra ubicación jerárquica:","0","2","7"," "," ","<Ingresar texto>"," ","A"
"2024","2","1","10","0","002","2. Denominación de la Administración Tributaria Municipal:<br><small>(Según el organigrama vigente de la municipalidad)</small>","1","2"," "," "," ","<Ingresar texto>","Pregunta 2: Considerando la respuesta a la pregunta 1, debe permitir registrar el nombre del área, gerencia o unidad orgánica que hace las veces de la ATM. Ejemplo:  Gerencia de Rentas ,  Servicio de Aministración Tributaria de Provincia X .","A"
"2024","2","1","11","1","003","3. Número total de personas que laboran y/o prestan servicios en exclusividad para la Administración Tributaria Municipal al cierre de junio del 2024:<br><small>(Incluir todas las modalidades de contratación.)</small>","0","1","8","0","999999999","<Ingresar cantidad>","Pregunta 3: Campo numérico. Cero es un valor permitido. Si la respuesta a la pregunta 1 es  g , se debe desactivar este campo.<br> Se debe considerar a los regímenes DLeg 276, DLeg 728, Servir, CAS y locación de servicios .","A"
"2024","2","1","12","0","004","4. Existe un área o unidad orgánica a cargo de la ejecución coactiva:","1","4"," "," "," "," ","Pregunta 4: Sólo permite una respuesta,  SÍ  o  NO .","A"
"2024","2","1","13","12","005","5. El área o unidad orgánica de ejecución coactiva depende de la Administración Tributaria Municipal:","0","4","S"," "," "," ","Pregunta 5: Se activa si la respuesta a la pregunta 4 es  SÍ . Sólo permite una respuesta,  SÍ  o  NO .","A"
"2024","2","1","14","12","006","6. Número total de personas que laboran y/o prestan servicios en exclusividad en el área o unidad orgánica de ejecucion coactiva al cierre de junio del 2024.<br><small>(Incluir todas las modalidades de contratación.)</small>","0","1","S","0","999999999","<Ingresar cantidad>","Pregunta 6: Se activa sólo si la respuesta a la pregunta 4 es  SÍ . Campo numérico. Cero es un valor permitido.<br>Considerar que el número a registrar no puede ser mayor que el registrado en la pregunta 3.<br> Se debe considerar a los regímenes DLeg 276, DLeg 728, SERVIR, CAS y locación de servicios .","A"
"2024","2","1","15","0","007","7. Según el organigrama vigente, la municipalidad cuenta con un área o unidad orgánica encargada del catastro urbano del distrito:","1","4"," "," "," "," ","Pregunta 7: Sólo permite una respuesta,  SÍ  o  NO .<br>Pregunta 7a: Se activa sólo si la respuesta a la pregunta 7 es  SÍ . 7a es un campo para el registro de palabras.  Por ejemplo:  Gerencia de Desarrollo Urbano .<br>Pregunta 7b: Se activa sólo si la respuesta a la pregunta 7 es  SÍ . 7b sólo permite una respuesta,  SÍ  o  NO .","A"
"2024","2","1","16","15","007001","7a. Nombre del área o unidad orgánica encargada del catastro urbano:","0","2","S"," "," ","<Ingresar texto>"," ","A"
"2024","2","1","17","15","007002","7b. La ATM trabaja en coordinación con el área de catastro de la municipalidad:","0","4","S"," "," "," "," ","A"
"2024","2","1","18","15","008","8. Número total de personas que laboran y/o prestan servicios en el área o unidad orgánica encargada del catastro urbano del distrito al cierre de junio del 2024:<br><small>(Incluir todas las modalidades de contratación.)</small>","0","1","S","0","999999999","<Ingresar cantidad>","Pregunta 8: Campo numérico. Cero es un valor permitido. Si la respuesta a la pregunta 7 es  NO , se debe desactivar este campo.<br> Se debe considerar a los regímenes DLeg 276, DLeg 728, Servir, CAS y locación de servicios .","A"
"2024","2","1","19","0","009","9. La municipalidad aprobó el Plan de Desarrollo Catastral para el año 2024:","1","4"," "," "," "," ","Pregunta 9: Sólo permite una respuesta,  SÍ  o  NO .<br>Pregunta 9.1:Campo adicional sólo se activa si la respuesta a la pregunta 9 es  SÍ . Debe mostrar un tablero de fechas del 01/01/2020 hasta una fecha antes del registro.","A"
"2024","2","1","20","19","009001","9.1. Indique la fecha:","0","3","S","01/01/2020","30/09/2024","<Seleccionar fecha>"," ","A"
"2024","2","1","21","0","010","10. La municipalidad utiliza la información del catastro distrital en la gestión del Impuesto Predial durante el presente año:","1","4"," "," "," "," ","Pregunta 10: Sólo permite una respuesta,  SÍ  o  NO .","A"
"2024","2","1","22","0","011","11. La municipalidad utiliza un indicador de morosidad (%) de la recaudación del Impuesto Predial durante el presente año:","1","4"," "," "," "," ","Pregunta 11: Sólo permite una respuesta,  SÍ  o  NO .<br>Campo adicional se activa sólo si la respuesta a la pregunta 11 es  SÍ . La morosidad máxima permitida es 100%, y en caso de decimales, se deben colocar 2 decimales. Ejem: xx.xx<br> En campo adicional se debe registrar la morosidad del Impuesto Predial corriente al 30/09/2024.Si la emisión del Impuesto Predial corriente es igual a 0, se debe registrar morosidad 0% .","A"
"2024","2","1","23","22","011001","11.1. Indique el porcentaje (%) al cierre del año 2023 para el impuesto predial corriente ordinaria:","0","11","S","0","100","<Ingresar porcentaje>"," ","A"
"2024","2","1","24","22","011002","11.2. Indique el porcentaje (%) al cierre del año 2023 para el impuesto predial no corriente ordinaria:","0","11","S","0","100","<Ingresar porcentaje>"," ","A"
"2024","2","1","25","0","012","12. La municipalidad cuenta con el número de valores tributarios (OP, RD, y/o RM) emitidos durante el presente año:","1","4"," "," "," "," ","Pregunta 12: Sólo permite una respuesta,  SÍ  o  NO .<br>Se apertura dos campos adicionales, estas se activan sólo si la respuesta a la pregunta 12 es  SÍ .  Rango permitido es de 0 a 999 999 999.","A"
"2024","2","1","26","25","012001","12.1. Indicar cantidad del año 2023.","0","1","S","0","999999999","<Ingresar cantidad>"," ","A"
"2024","2","1","27","25","012002","12.2. Indicar cantidad del presente año al cierre de junio 2024.","0","1","S","0","999999999","<Ingresar cantidad>"," ","A"
"2024","2","1","28","0","013","13. La municipalidad cuenta con el monto (S/) total de insoluto de Impuesto Predial contenido en valores tributarios (OP y RD) emitidos para el presente año:","1","4"," "," "," "," ","Pregunta 13: Sólo permite una respuesta,  SÍ  o  NO .<br>.Se apertura dos Campos adicionales, estas se activan sólo si la respuesta a la pregunta 13 es  SÍ . Se debe usar separadores de miles.  Cero  es un valor permitido. El rango permitido es de 0 a 999 999 999.00.","A"
"2025","2","1","72","0","027","27. La municipalidad prorrogó la fecha de vencimiento de pago al contado o del pago de la primera cuota del Impuesto Predial 2024:","1","4"," "," "," "," ","Pregunta 27: Sólo permite una respuesta,  SÍ  o  NO .<br>Pregunta 27a: Se activa sólo si la respuesta a la pregunta 27 es  SÍ .<br>Si se realizó más de una prórroga en el primer semestre del año, considerar la última.Debe mostrar un tablero de fechas del 01/01/2020 hasta el 30/06/2025.<br>Pregunta 27b: Se activa sólo si la respuesta a la pregunta 27 es  SÍ .<br>Pregunta 27c: Se activa sólo si la respuesta a la pregunta 27 es  SÍ .<br>Pregunta 27d: Se activa sólo si la respuesta a la pregunta 27 es  SÍ .Debe mostrar un tablero de fechas del 01/01/2020 hasta el 30/06/2025.<br>","A"
"2025","2","1","73","72","027001","27a. Nueva fecha de vencimiento","0","3","S","01/01/2020","30/06/2025","<Seleccionar fecha>"," ","A"
"2025","2","1","74","72","027002","27b. Norma legal que aprueba la prórroga:","0","7","S"," "," "," "," ","A"
"2025","2","1","75","74","027002001","a) Ordenanza","1","0"," "," "," "," "," ","A"
"2025","2","1","76","74","027002002","b) Resolución de Alcaldía","1","0"," "," "," "," "," ","A"
"2025","2","1","77","74","027002003","c) Otra","1","0"," "," "," "," "," ","A"
"2025","2","1","78","72","027003","27c. Nº de norma legal que aprueba la prórroga:","0","2","S"," "," ","<Ingresar texto>","Es un campo alfanumérico.  Por ejemplo: 120-2018-MUNIABC","A"
"2025","2","1","79","72","027004","27d. Fecha de publicación de norma legal que aprueba la prórroga:","0","3","S","01/01/2020","30/06/2025","<Seleccionar fecha>"," ","A"
"2025","2","1","80","0","028","28. Comente brevemente como se usa en su distrito, los recursos obtenidos de los clasificadores 1.1.2.1.11 y 1.1.2.1.12, correspondientes a la recaudación del Impuesto Predial.","1","2"," "," "," ","<Ingresar texto>","Pregunta 28: es un campo de texto, tamaño de 200 caracteres","A"
"2025","2","2","81","0","029","29. Número de contribuyentes que presentaron declaración jurada de Impuesto Predial por primera vez en el primer vencimiento del año 2025:","1","1"," ","0","999999999","<Ingresar cantidad>","29: El rango permitido es de 0 a 999 999 999.","A"
"2025","2","2","82","0","030","30. Número de contribuyentes que presentaron declaración jurada rectificatoria de Impuesto Predial para el año 2025: ","1","1"," ","0","999999999","<Ingresar cantidad>","30: El rango permitido es de 0 a 999 999 999.","A"
"2025","2","2","83","0","031","31. La municipalidad cuenta con algún mecanismo para identificar las inconsistencias que se pueden generar durante el proceso de registro de la declaración jurada:","1","4"," "," "," "," ","Pregunta 31:  Sólo permite una respuesta,  SÍ  o  NO .","A"
"2025","2","2","84","83","031001","31.1. Comente brevemente en qué consiste este mecanismo, si es un procedimiento establecido mediante alguna herramienta u otro mecanismo distinto:","0","2","S"," "," ","<Ingresar texto>"," ","A"
"2025","2","2","85","0","032","32. ¿La municipalidad hizo verificación y corrección (depuración) de datos de las declaraciones juradas antes de la emisión masiva del Impuesto Predial 2025?:","1","4"," "," "," "," ","Pregunta 32: Sólo permite una respuesta,  SÍ  o  NO .<br>Pregunta 32a: Este campo sólo se activa si la respuesta al campo 32 es  SÍ . 32a es un campo numérico. Usar separador de miles, rango permitido es de 0 a 999 999 999.<br>Pregunta 32b: Este campo sólo se activa si la respuesta al campo 32 es  NO . Sólo permite una respuesta ,  SÍ  o  NO .<br>Pregunta 32c: Es un campo de texto de tamaño de 200 caracteres, y sólo se activa si la respuesta al campo 32b es  NO ","A"
"2025","2","2","86","85","032001","32a. Cantidad total de DJs depuradas:","0","1","S","0","999999999","<Ingresar cantidad>"," ","A"
"2025","2","2","87","85","032002","32b. ¿La municipalidad hizo verificación y corrección (depuración) de datos de las declaraciones juradas después de la emisión masiva del Impuesto Predial 2025?","0","4","N"," "," ","<Ingresar cantidad>"," ","A"
"2025","2","2","88","87","032003","32c. Comente brevemente por qué no ha realizado la verificación y corrección (depuración) de datos ni antes y después de la emisión masiva del Impuesto Predial 2025:","0","2","N"," "," ","<Ingresar texto>"," ","A"
"2025","2","2","89","0","033","33. Cantidad de DJs prediales de la emisión masiva de Impuesto Predial 2025","1","1"," ","0","999999999","<Ingresar cantidad>","Pregunta 33: Es un campo numérico. Usar separador de miles. El rango permitido es de 0 a 999 999 999.","A"
"2025","2","2","90","0","034","34. Para la determinación del impuesto predial 2025, realizó la actualización de los valores arancelarios considerando los valores aprobados mediante los planos arancelarios en el mes de octubre del año 2024:","1","4"," "," "," "," ","Pregunta 34: Sólo permite una respuesta,  SÍ  o  NO .<br>Si la respuesta a la pregunta 34 es  SÍ , se apertura las preguntas 34.1, 34.2, 34.3, 34.4, 34.5, 34.6, 34.7 y 37.8.El rango permitido es de 0 a 999 999 999, y en caso de decimales, se deben colocar máximo 2 decimales. Ejem: xx.xx <br>En las preguntas 34.5, 34.6, 34.7 y 34.8, en caso no cuente con terrenos rústicos, debe colocar 0.","A"
"2025","2","2","91","90","034001","34.1. Cuál es el mayor valor arancelario de terrenos urbanos para la determinación del impuesto predial 2025.","0","11","S","0","999999999","<Ingresar cantidad>"," ","A"
"2025","2","2","92","90","034002","34.2. En qué porcentaje creció el mayor valor arancelario de terrenos urbanos para el año 2025 respecto al 2024.","0","11","S","0","100","<Ingresar Porcentaje>"," ","A"
"2025","2","2","93","90","034003","34.3. Cuál es el menor valor arancelario de terrenos urbanos para la determinación del impuesto predial 2025.","0","11","S","0","999999999","<Ingresar cantidad>"," ","A"
"2025","2","2","94","90","034004","34.4. En qué porcentaje creció el menor valor arancelario de terrenos urbanos para el año 2025 respecto al 2024.","0","11","S","0","100","<Ingresar Porcentaje>"," ","A"
"2025","2","2","95","90","034005","34.5. Cuál es el mayor valor arancelario de terrenos rústicos para la determinación del impuesto predial 2025.","0","11","S","0","999999999","<Ingresar cantidad>"," ","A"
"2025","2","2","96","90","034006","34.6. En qué porcentaje creció el mayor valor arancelario de terrenos rústicos para el año 2025 respecto al 2024.","0","11","S","0","100","<Ingresar Porcentaje>"," ","A"
"2025","2","2","97","90","034007","34.7. Cuál es el menor valor arancelario de terrenos rústicos para la determinación del impuesto predial 2025.","0","11","S","0","999999999","<Ingresar cantidad>"," ","A"
"2025","2","2","98","90","034008","34.8. En qué porcentaje creció el menor valor arancelario de terrenos rústicos para el año 2025 respecto al 2024.","0","11","S","0","100","<Ingresar Porcentaje>"," ","A"
"2025","2","2","99","0","035","35. Producto de la fiscalización tributaria, la municipalidad ha generado deuda de Impuesto Predial (insoluto):","1","4"," "," "," "," ","Pregunta 35: Sólo permite una respuesta,  SÍ  o  NO .<br>Se apertura dos Campos adicionales 35.1 y 35.2,  estas se activan sólo si la respuesta a la pregunta 35 es  SÍ .","A"
"2025","2","2","100","99","035001","35.1. Indique el monto insoluto de la deuda generada por fiscalización correspondiente al año 2024:","0","11","S","0","999999999","<Ingresar monto>","Pregunta 35.1: Se activa sólo si la respuesta a la pregunta 35 es  SÍ , es un campo numérico, rango permitido es de 0 a 999 999 999, y en caso de decimales, se deben colocar 2 decimales. Ejem: xx.xx","A"
"2025","2","2","101","99","035002","35.2. Indique el monto insoluto de la deuda generada por fiscalización correspondiente al presente año al cierre de junio 2025:","0","11","S","0","999999999","<Ingresar monto>","Pregunta 35.2: Se activa sólo si la respuesta a la pregunta 35 es  SÍ , es un campo numérico, rango permitido es de 0 a 999 999 999, y en caso de decimales, se deben colocar 2 decimales. Ejem: xx.xx","A"
"2025","2","2","102","0","036","36. Número de predios fiscalizados en el año 2024:","1","1"," ","0","999999999","<Ingresar cantidad>","Pregunta 36: Es un campo numérico, rango permitido es de 0 a 999 999 999.","A"
"2025","2","2","103","0","037","37. Número de predios fiscalizados en el presente año al cierre de junio:","1","1"," ","0","999999999","<Ingresar cantidad>","Pregunta 37: Es un campo numérico, rango permitido es de 0 a 999 999 999.","A"
"2025","2","2","104","0","038","38. Número de contribuyentes fiscalizados en el año 2024:","1","1"," ","0","999999999","<Ingresar cantidad>","Pregunta 38: Es un campo numérico, rango permitido es de 0 a 999 999 999.","A"
"2025","2","2","105","0","039","39. Número de contribuyentes fiscalizados en el presente año al cierre de junio:","1","1"," ","0","999999999","<Ingresar cantidad>","Pregunta 39: Es un campo numérico, rango permitido es de 0 a 999 999 999.","A"
"2025","2","2","106","0","040","40. Áreas totales detectadas producto de la fiscalización (m2) en el año 2024: ","1","0"," "," "," "," ","Pregunta 40a: Es un campo numérico de máximo dos decimales, rango permitido es de 0 a 999 999 999, y en caso de decimales, se deben colocar 2 decimales. Ejem: xx.xx <br>Pregunta 40b: Es un campo numérico de máximo dos decimales, rango permitido es de 0 a 999 999 999<br>y en caso de decimales, se deben colocar 2 decimales. Ejem: xx.xx","A"
"2025","2","2","107","106","040001","40a. Áreas totales de Terreno detectadas (m2).","1","11"," ","0","999999999","<Consignar área en m2>"," ","A"
"2025","2","2","108","106","040002","40b. Áreas totales de Construcciones detectadas (m2).","1","11"," ","0","999999999","<Consignar área en m2>"," ","A"
"2025","2","2","109","0","041","41. Indique el tipo de fiscalización que ha realizado en el año 2024, colocando la cantidad de predios en cada campo","1","5"," "," "," "," ","Pregunta 41a: Es un campo numérico de máximo dos decimales, rango permitido es de 0 a 999 999 999.<br>Pregunta 41b: Es un campo numérico de máximo dos decimales, rango permitido es de 0 a 999 999 999.","A"
"2025","2","2","110","109","041001","41a. Omisión.","1","1"," ","0","999999999","<Ingresar cantidad>"," ","A"
"2025","2","2","111","109","041002","41b. Subvaluador.","1","1"," ","0","999999999","<Ingresar cantidad>"," ","A"
"2025","2","2","112","0","042","42. Seleccione el método por el cual lleva a cabo los procesos de fiscalización en el año 2025:<br><small>(Según el organigrama vigente de la municipalidad)<small>","1","7"," "," "," "," ","Pregunta 42: Se debe mostrar un combo para elegir solo uno de los siguientes valores:<br>42a. De forma presencial.<br>42b. Documentaria (base de datos).<br>42c. Medios digitales (Plataformas virtuales).<br>42d. Otra diferente a los anteriores.<br>42e. No llevo acabo ningún proceso.<br>42 a y 42b<br>42 a y 42c<br>42b y 42c<br>Todas (42a 42b y 42c).<br>Si se elige opción 42d el sistema debe mostrar campo: 42.1 Indicar otro método.","A"
"2025","2","2","113","112","042001","42a. De forma presencial.","1","0"," "," "," "," "," ","A"
"2025","2","2","114","112","042002","42b. Documentaria (base de datos).","1","0"," "," "," "," "," ","A"
"2025","2","2","115","112","042003","42c. Medios digitales (Plataformas virtuales).","1","0"," "," "," "," "," ","A"
"2025","2","2","116","112","042004","42d. Otra diferente a los anteriores.","1","0"," "," "," "," "," ","A"
"2025","2","2","117","112","042005","42e. No llevo a cabo ningún proceso.","1","0"," "," "," "," "," ","A"
"2025","2","2","118","112","042006","42a y 42b.","1","0"," "," "," "," "," ","A"
"2025","2","2","119","112","042007","42a y 42c.","1","0"," "," "," "," "," ","A"
"2025","2","2","120","112","042008","42b y 42c.","1","0"," "," "," "," "," ","A"
"2025","2","2","121","112","042009","Todas (42a, 42b y 42c).","1","0"," "," "," "," "," ","A"
"2025","2","2","122","112","042010","42.1. Indicar otro método:","0","2","116"," "," ","<Ingresar texto>"," ","A"
"2025","2","3","123","0","043","43. La municipalidad emitió las cuponeras o cartillas de liquidación del Impuesto Predial 2025:","1","4"," "," "," "," ","Pregunta 43: Sólo permite una respuesta,  SÍ  o  NO .<br>Pregunta 43a: Se activa sólo si la respuesta a la pregunta 43 es  SÍ .  43a es un campo de fecha, por lo que requiere un tablero de fecha del 01/01/2020 al 30/09/2025.<br>Pregunta 43b: Se activa sólo si la respuesta a la pregunta 43 es  SÍ .  Sólo permite una respuesta  SÍ  o  NO .<br>43b1 es un campo de fecha, por lo que requiere un tablero de fecha del 01/01/2020 al 30/09/2025, y sólo se activa si en la pregunta 43b se marca  NO .","A"
"2025","2","3","124","123","043001","43a. Fecha de inicio de notificación.","0","3","S","01/01/2020","30/09/2025","<Seleccionar fecha>"," ","A"
"2025","2","3","125","123","043002","43b. En proceso.","0","4","S"," "," "," "," ","A"
"2025","2","3","126","125","043002001","43b.1. Fecha de término de notificación.","0","3","N","01/01/2020","30/09/2025","<Seleccionar fecha>"," ","A"
"2025","2","3","127","0","044","44. Con relación a la actualización de valores contenidas en las cuponeras y/o cartillas del año 2025 emitidas por concepto de IP y que actualmente sustentan la emisión de valores tributarios (orden de pago-OP y/o Resolución de Determinación-RD), ¿la municipalidad ha verificado los resultados de su notificación de las citadas cuponeras y/o cartillas?","1","4"," "," "," "," ","Pregunta 44: Sólo permite una respuesta,  SÍ  o  NO .<br>Pregunta 44a: Se activa sólo si la respuesta a la pregunta 44 es  SÍ . 44a es un campo numérico entero.<br>Pregunta 44b: Se activa sólo si la respuesta a la pregunta 44 es  SÍ . 44b es un campo numérico entero.<br>Pregunta 44c: Se activa sólo si la respuesta a la pregunta 44 es  SÍ . 44c es un campo numérico entero.","A"
"2025","2","3","128","127","044001","44a. Valores tributarios notificados con acuse de recibo (RD, OP):","0","1","S","0","999999999","<Ingresar cantidad>"," ","A"
"2025","2","3","129","127","044002","44b. Valores tributarios notificados con resultado  Se negó a recibir  (RD, OP):","0","1","S","0","999999999","<Ingresar cantidad>"," ","A"
"2025","2","3","130","127","044003","44c. Valores tributarios no notificados (RD, OP):","0","1","S","0","999999999","<Ingresar cantidad>"," ","A"
"2025","2","4","131","14","045","45. En este año, la municipalidad ha trasladado a Ejecución Coactiva la deuda por Impuesto Predial por un importe insoluto de:","0","11","S","0","999999999","<Ingresar monto>","Pregunta 45: Se activa si la respuesta a la pregunta 4 es  SI . Se debe usar separadores de miles.  Cero  es un valor permitido.<br>El rango permitido es de 0 a 999 999 999.00, y en caso de decimales, se deben colocar 2 decimales. Ejem: xx.x","A"
"2025","2","4","132","0","046","46. En este año, la municipalidad ha segmentado la deuda por Impuesto Predial:","1","4"," "," "," "," ","Pregunta 46: Sólo permite una respuesta,  SÍ  o  NO .<br>Pregunta 46.1: Se activa sólo si la respuesta a la pregunta 46 es  SÍ . Pregunta 46.1: Sólo permite elegir marcar entre “SÍ  o  NO .<br>Pregunta 46.2: Se activa sólo si la respuesta a la pregunta 46 es  SÍ . Pregunta 46.2: Sólo permite elegir marcar entre “SÍ  o  NO .<br>Pregunta 46.3: Se activa sólo si la respuesta a la pregunta 46 es  SÍ . Pregunta 46.3: Sólo permite elegir marcar entre “SÍ  o  NO .","A"
"2025","2","4","133","132","046001","46.1. Por año de deuda.","0","4","S"," "," "," "," ","A"
"2025","2","4","134","132","046002","46.2. Por tipo de contribuyente.","0","4","S"," "," "," "," ","A"
"2025","2","4","135","132","046003","46.3. Por estado de la deuda (ordinaria / coactiva).","0","4","S"," "," "," "," ","A"
"2025","2","4","136","0","047","47. Este año, la municipalidad cuenta con una estrategia aprobada de cobranza de la deuda por Impuesto Predial para el presente año:","1","4"," "," "," "," ","Pregunta 47: Sólo permite una respuesta,  SÍ  o  NO .<br>Pregunta 47.1: Se activa sólo si la respuesta a la pregunta 47 es  SÍ . Permite ingresar hasta 200 caracteres.","A"
"2025","2","4","137","136","047001","47.1. Comente brevemente en qué consiste esta estrategia de cobranza:","0","2","S"," "," ","<Ingresar texto>"," ","A"
"2025","2","5","138","0","048","48. Canales a disposición del contribuyente para pagar el Impuesto Predial para este año:","1","0"," "," "," "," "," Pregunta 48a: Sólo permite una respuesta,  SÍ  o  NO .<br> Pregunta 48b: Sólo permite una respuesta,  SÍ  o  NO .<br> Pregunta 48c: Sólo permite una respuesta,  SÍ  o  NO .<br> Pregunta 48d: Sólo permite una respuesta,  SÍ  o  NO .<br> Pregunta 48d.1: Campo adicional se activa sólo si la respuesta a la pregunta 48d es  SI .","A"
"2025","2","5","139","138","048001","48a. Cajas (ventanillas de pago) de la municipalidad.","1","4"," "," "," "," "," ","A"
"2025","2","5","140","138","048002","48b. Bancos.","1","4"," "," "," "," "," ","A"
"2025","2","5","141","140","048002001","48b.1. Indicar las entidades financieras","0","2","S"," "," ","<Ingresar texto>"," ","A"
"2025","2","5","142","138","048003","48c. Internet.","1","4"," "," "," "," "," ","A"
"2025","2","5","143","142","048003001","48c.1. Indicar las entidades (financieras o la de la misma municipalidad) donde se puede realizar el pago virtual.","0","2","S"," "," ","<Ingresar texto>"," ","A"
"2025","2","5","144","138","048004","48d. Otro.","1","4"," "," "," "," "," ","A"
"2025","2","5","145","144","048004001","48d.1. Indicar otro canal.","0","2","S"," "," ","<Ingresar texto>"," ","A"
"2025","2","6","146","0","049","49. ¿Su municipalidad cuenta con alguno de los conceptos de arbitrios municipales?  ","1","4"," "," "," "," ","Pregunta 49: Sólo permite una respuesta,  SÍ  o  NO .","A"
"2025","2","6","147","146","050","50. ¿Cuál es el número de Ordenanza con que se han aprobado los Arbitrios Municipales? ","0","2","S"," "," ","<Ingresar texto alfanumérico>","Pregunta 50:  Se activa sólo si la respuesta a la pregunta 49 es  SÍ . Permite ingresar hasta 100 caracteres.","A"
"2025","2","6","148","146","051","51. ¿Cuál es la fecha de Ordenanza con que se han aprobado los Arbitrios Municipales? .","0","3","S","01/01/2020","31/12/2025","<Seleccionar fecha>","Pregunta 51:  Se activa sólo si la respuesta a la pregunta 49 es  SÍ . es un campo de fecha, por lo que requiere un tablero de fecha del del 01/01/2020 hasta el 31/12/2025.","A"
"2025","2","6","149","146","052","52. La ordenanza de Arbitrios Municipales fue aprobada teniendo como sustento:<br><small>(Seleccionar sólo una alternativa)</small>","0","7","S"," "," "," ","Pregunta 52: Se debe mostrar un combo para elegir solo uno de los siguientes valores:<br>52a. Estructura de costos.<br>52b. Actualización de costos mediante un factor.<br>52c. Otro. Si se elige opción 52c el sistema debe mostrar campo: 52d. Indicar otro método.","A"
"2025","2","6","150","149","052001","52.a.  Estructura de costos.","1","0"," "," "," "," "," ","A"
"2025","2","6","151","149","052002","52.b. Actualización de costos mediante un factor.","1","0"," "," "," "," "," ","A"
"2025","2","6","152","149","052003","52.c. Otro.","1","0"," "," "," "," "," ","A"
"2025","2","6","153","149","052004","52d. Indicar otro medio que sustenta los arbitrios municipales:","0","2","152"," "," ","<Ingresar texto>","Se activa sólo si en la pregunta 52 se ha marcado la alternativa  52c. Otro ","A"
"2025","2","6","154","149","053","53. ¿Cuál es el número de Ordenanza con que se han aprobado los Arbitrios Municipales? ","0","2","151"," "," ","<Ingresar texto alfanumérico>","Pregunta 53: Se activa sólo si en la pregunta 52 se ha marcado la alternativa  52a. Estructura de Costos . Permite ingresar hasta 100 caracteres.","A"
